Run,Temperature,Pressure,Feed Rate,Phenol Fraction,Cross Sectional Area,Overall Efficiency
2198.0,1023.15,6.0,225.0,0.1,0.4,3.269119674012658
2197.0,1023.15,6.0,225.0,0.1,0.3,3.2691195492806915
2196.0,1023.15,6.0,225.0,0.1,0.2,3.269119200099176
2195.0,1023.15,6.0,225.0,0.1,0.1,3.2691177701391303
2194.0,1023.15,6.0,225.0,0.0775,0.5,3.26910359275778
2183.0,1023.15,6.0,225.0,0.0325,0.4,3.262015999440594
2182.0,1023.15,6.0,225.0,0.0325,0.3,3.262015914677981
2181.0,1023.15,6.0,225.0,0.0325,0.2,3.262015677478165
2180.0,1023.15,6.0,225.0,0.0325,0.1,3.262014706475799
2148.0,1023.15,6.0,150.0,0.1,0.4,3.258409542859683
2147.0,1023.15,6.0,150.0,0.1,0.3,3.2584091225132843
2146.0,1023.15,6.0,150.0,0.1,0.2,3.2584079485592325
2145.0,1023.15,6.0,150.0,0.1,0.1,3.258403152480963
2144.0,1023.15,6.0,150.0,0.0775,0.5,3.2583557178228504
2218.0,1023.15,6.0,262.5,0.0775,0.4,3.2409495686850454
2217.0,1023.15,6.0,262.5,0.0775,0.3,3.240949411085742
2216.0,1023.15,6.0,262.5,0.0775,0.2,3.2409489696993266
2215.0,1023.15,6.0,262.5,0.0775,0.1,3.2409471613335006
2214.0,1023.15,6.0,262.5,0.055,0.5,3.2409292238966785
2199.0,1023.15,6.0,225.0,0.1,0.5,3.231751748528871
2238.0,1023.15,6.0,300.0,0.055,0.4,3.2181528068761445
2237.0,1023.15,6.0,300.0,0.055,0.3,3.2181526147869444
2236.0,1023.15,6.0,300.0,0.055,0.2,3.218152076627387
2235.0,1023.15,6.0,300.0,0.055,0.1,3.2181498710397767
2234.0,1023.15,6.0,300.0,0.0325,0.5,3.218127985927754
2223.0,1023.15,6.0,262.5,0.1,0.4,3.207909296511893
2222.0,1023.15,6.0,262.5,0.1,0.3,3.2079091532929254
2221.0,1023.15,6.0,262.5,0.1,0.2,3.207908752112859
2220.0,1023.15,6.0,262.5,0.1,0.1,3.207907108187329
2219.0,1023.15,6.0,262.5,0.0775,0.5,3.207890798890736
2243.0,1023.15,6.0,300.0,0.0775,0.4,3.188543910691948
2242.0,1023.15,6.0,300.0,0.0775,0.3,3.1885437356356405
2241.0,1023.15,6.0,300.0,0.0775,0.2,3.188543245122422
2240.0,1023.15,6.0,300.0,0.0775,0.1,3.1885412345025013
2239.0,1023.15,6.0,300.0,0.055,0.5,3.1885212807982604
1674.0,973.15,8.0,187.5,0.1,0.5,3.185935930345445
1673.0,973.15,8.0,187.5,0.1,0.4,3.185934432379519
1672.0,973.15,8.0,187.5,0.1,0.3,3.1859283127381426
1671.0,973.15,8.0,187.5,0.1,0.2,3.1858677882823923
2174.0,1023.15,6.0,187.5,0.1,0.5,3.1498430116639686
2168.0,1023.15,6.0,187.5,0.0775,0.4,3.1464347136348207
2167.0,1023.15,6.0,187.5,0.0775,0.3,3.146434245771203
2166.0,1023.15,6.0,187.5,0.0775,0.2,3.1464329376334854
2165.0,1023.15,6.0,187.5,0.0775,0.1,3.1464275872925422
2164.0,1023.15,6.0,187.5,0.055,0.5,3.146374609303153
2163.0,1023.15,6.0,187.5,0.055,0.4,3.141883542030565
2162.0,1023.15,6.0,187.5,0.055,0.3,3.141883461854237
2161.0,1023.15,6.0,187.5,0.055,0.2,3.141883237682412
2160.0,1023.15,6.0,187.5,0.055,0.1,3.1418823208190814
2159.0,1023.15,6.0,187.5,0.0325,0.5,3.141873242531976
2213.0,1023.15,6.0,262.5,0.055,0.4,3.129704076121645
2212.0,1023.15,6.0,262.5,0.055,0.3,3.1297038283122585
2211.0,1023.15,6.0,262.5,0.055,0.2,3.129703134412458
2210.0,1023.15,6.0,262.5,0.055,0.1,3.129700292065605
2209.0,1023.15,6.0,262.5,0.0325,0.5,3.129672104308935
1207.0,923.15,10.0,262.5,0.0325,0.3,3.1295202368811506
1206.0,923.15,10.0,262.5,0.0325,0.2,3.1295194966555906
1205.0,923.15,10.0,262.5,0.0325,0.1,3.1295174295074384
2173.0,1023.15,6.0,187.5,0.1,0.4,3.128372082825859
2172.0,1023.15,6.0,187.5,0.1,0.3,3.128371894749819
2171.0,1023.15,6.0,187.5,0.1,0.2,3.1283713687111785
2170.0,1023.15,6.0,187.5,0.1,0.1,3.1283692164519032
2169.0,1023.15,6.0,187.5,0.0775,0.5,3.128347898010752
2149.0,1023.15,6.0,150.0,0.1,0.5,3.11029225444422
2158.0,1023.15,6.0,187.5,0.0325,0.4,3.1081418765227875
2157.0,1023.15,6.0,187.5,0.0325,0.3,3.1081417627020715
2156.0,1023.15,6.0,187.5,0.0325,0.2,3.108141444557388
2155.0,1023.15,6.0,187.5,0.0325,0.1,3.1081401437443072
2233.0,1023.15,6.0,300.0,0.0325,0.4,3.099491814118907
2232.0,1023.15,6.0,300.0,0.0325,0.3,3.0994915108685346
2231.0,1023.15,6.0,300.0,0.0325,0.2,3.099490661424713
2230.0,1023.15,6.0,300.0,0.0325,0.1,3.099487180682251
2048.0,1023.15,4.0,187.5,0.1,0.4,3.095816163787587
2047.0,1023.15,4.0,187.5,0.1,0.3,3.0958145229943894
2046.0,1023.15,4.0,187.5,0.1,0.2,3.0958099402899464
2045.0,1023.15,4.0,187.5,0.1,0.1,3.0957912171674
2044.0,1023.15,4.0,187.5,0.0775,0.5,3.095606021013546
749.0,923.15,2.0,300.0,0.1,0.5,3.0790435803393934
748.0,923.15,2.0,300.0,0.1,0.4,3.078923393818304
2193.0,1023.15,6.0,225.0,0.0775,0.4,3.0787199103654728
2192.0,1023.15,6.0,225.0,0.0775,0.3,3.078719656766638
2191.0,1023.15,6.0,225.0,0.0775,0.2,3.078718946992308
2190.0,1023.15,6.0,225.0,0.0775,0.1,3.078716041022322
2189.0,1023.15,6.0,225.0,0.055,0.5,3.078687236674234
2188.0,1023.15,6.0,225.0,0.055,0.4,3.07577924366485
2187.0,1023.15,6.0,225.0,0.055,0.3,3.075778663301165
2186.0,1023.15,6.0,225.0,0.055,0.2,3.0757770394270563
2185.0,1023.15,6.0,225.0,0.055,0.1,3.075770392786884
2184.0,1023.15,6.0,225.0,0.0325,0.5,3.0757045286481324
1574.0,973.15,6.0,225.0,0.1,0.5,3.061982946299972
1573.0,973.15,6.0,225.0,0.1,0.4,3.061977153994092
1572.0,973.15,6.0,225.0,0.1,0.3,3.061953489244982
1571.0,973.15,6.0,225.0,0.1,0.2,3.061719410663077
1695.0,973.15,8.0,225.0,0.1,0.1,3.052892889038133
1694.0,973.15,8.0,225.0,0.0775,0.5,3.0528922767482163
1693.0,973.15,8.0,225.0,0.0775,0.4,3.052890564824567
1692.0,973.15,8.0,225.0,0.0775,0.3,3.052883563062
1691.0,973.15,8.0,225.0,0.0775,0.2,3.0528142332267665
1710.0,973.15,8.0,262.5,0.055,0.1,3.0494178914992207
1709.0,973.15,8.0,262.5,0.0325,0.5,3.0494177917523944
1708.0,973.15,8.0,262.5,0.0325,0.4,3.049417512621642
1707.0,973.15,8.0,262.5,0.0325,0.3,3.0494163699734447
1706.0,973.15,8.0,262.5,0.0325,0.2,3.0494050457048254
1107.0,923.15,8.0,300.0,0.0325,0.3,3.038200079626214
1106.0,923.15,8.0,300.0,0.0325,0.2,3.0381972645523763
1105.0,923.15,8.0,300.0,0.0325,0.1,3.0381894025012794
314.0,873.15,6.0,225.0,0.055,0.5,3.0381692877627597
313.0,873.15,6.0,225.0,0.055,0.4,3.0381676414704817
312.0,873.15,6.0,225.0,0.055,0.3,3.0381630446501
311.0,873.15,6.0,225.0,0.055,0.2,3.038144267684015
310.0,873.15,6.0,225.0,0.055,0.1,3.037958563525365
2208.0,1023.15,6.0,262.5,0.0325,0.4,3.025090795967844
2207.0,1023.15,6.0,262.5,0.0325,0.3,3.0250901353594117
2206.0,1023.15,6.0,262.5,0.0325,0.2,3.025088286000273
2205.0,1023.15,6.0,262.5,0.0325,0.1,3.0250807124558503
1730.0,973.15,8.0,300.0,0.0325,0.1,3.020292375408964
649.0,923.15,2.0,150.0,0.1,0.5,3.0182247166634224
648.0,923.15,2.0,150.0,0.1,0.4,3.0177650546125245
1948.0,1023.15,2.0,225.0,0.1,0.4,3.0157810594659518
1947.0,1023.15,2.0,225.0,0.1,0.3,3.015771767981642
1946.0,1023.15,2.0,225.0,0.1,0.2,3.015745815577188
1944.0,1023.15,2.0,225.0,0.0775,0.5,3.014590389556022
1474.0,973.15,4.0,262.5,0.1,0.5,3.006981860401164
1473.0,973.15,4.0,262.5,0.1,0.4,3.0069484783485145
1472.0,973.15,4.0,262.5,0.1,0.3,3.006812079584342
1765.0,973.15,10.0,150.0,0.0775,0.1,3.006465599469806
1764.0,973.15,10.0,150.0,0.055,0.5,3.0064653755645505
1763.0,973.15,10.0,150.0,0.055,0.4,3.006464748269492
1762.0,973.15,10.0,150.0,0.055,0.3,3.006462177373197
1761.0,973.15,10.0,150.0,0.055,0.2,3.006436667578917
1471.0,973.15,4.0,262.5,0.1,0.2,3.005462047427528
212.0,873.15,4.0,262.5,0.055,0.3,3.004292294188859
211.0,873.15,4.0,262.5,0.055,0.2,3.004219465182411
210.0,873.15,4.0,262.5,0.055,0.1,3.0034989228174966
214.0,873.15,4.0,262.5,0.055,0.5,3.0023000952765284
213.0,873.15,4.0,262.5,0.055,0.4,3.002293745416802
1007.0,923.15,8.0,150.0,0.0325,0.3,2.99860696623889
1006.0,923.15,8.0,150.0,0.0325,0.2,2.998590804915627
1005.0,923.15,8.0,150.0,0.0325,0.1,2.998545664856257
1749.0,973.15,8.0,300.0,0.1,0.5,2.9973555807717096
1748.0,973.15,8.0,300.0,0.1,0.4,2.997355111132391
1747.0,973.15,8.0,300.0,0.1,0.3,2.997353186681964
1746.0,973.15,8.0,300.0,0.1,0.2,2.9973340943767868
2224.0,1023.15,6.0,262.5,0.1,0.5,2.994685901800107
1705.0,973.15,8.0,262.5,0.0325,0.1,2.992094643893957
548.0,873.15,10.0,187.5,0.1,0.4,2.99207980281323
549.0,873.15,10.0,187.5,0.1,0.5,2.9915258520970123
1846.0,973.15,10.0,262.5,0.1,0.2,2.987054243092325
1848.0,973.15,10.0,262.5,0.1,0.4,2.986834723542591
1847.0,973.15,10.0,262.5,0.1,0.3,2.986726437333582
1844.0,973.15,10.0,262.5,0.0775,0.5,2.9865968681817923
1680.0,973.15,8.0,225.0,0.0325,0.1,2.9865663438724126
1690.0,973.15,8.0,225.0,0.0775,0.1,2.9865446812059915
1689.0,973.15,8.0,225.0,0.055,0.5,2.986544591560441
1688.0,973.15,8.0,225.0,0.055,0.4,2.9865443409143717
1687.0,973.15,8.0,225.0,0.055,0.3,2.9865433157761694
1686.0,973.15,8.0,225.0,0.055,0.2,2.9865331654455547
1845.0,973.15,10.0,262.5,0.1,0.1,2.986442574903
1373.0,973.15,2.0,300.0,0.1,0.4,2.9851935269571976
1374.0,973.15,2.0,300.0,0.1,0.5,2.985118338027033
1372.0,973.15,2.0,300.0,0.1,0.3,2.984982445607067
1771.0,973.15,10.0,150.0,0.1,0.2,2.983887371358148
906.0,923.15,6.0,187.5,0.0325,0.2,2.983802814536492
907.0,923.15,6.0,187.5,0.0325,0.3,2.9836675394647005
1772.0,973.15,10.0,150.0,0.1,0.3,2.9836080141576096
905.0,923.15,6.0,187.5,0.0325,0.1,2.983595872443144
1773.0,973.15,10.0,150.0,0.1,0.4,2.983543368363341
448.0,873.15,8.0,225.0,0.1,0.4,2.982727951247796
449.0,873.15,8.0,225.0,0.1,0.5,2.982714791303215
1685.0,973.15,8.0,225.0,0.055,0.1,2.9790175241102417
1684.0,973.15,8.0,225.0,0.0325,0.5,2.9790174014580373
1683.0,973.15,8.0,225.0,0.0325,0.4,2.979017058631124
1682.0,973.15,8.0,225.0,0.0325,0.3,2.979015656908002
1681.0,973.15,8.0,225.0,0.0325,0.2,2.97900178229872
1224.0,923.15,10.0,262.5,0.1,0.5,2.9789139631945813
1223.0,923.15,10.0,262.5,0.1,0.4,2.978816557414014
1770.0,973.15,10.0,150.0,0.1,0.1,2.978763357958258
1769.0,973.15,10.0,150.0,0.0775,0.5,2.9787631534259296
1768.0,973.15,10.0,150.0,0.0775,0.4,2.978762580320507
1767.0,973.15,10.0,150.0,0.0775,0.3,2.9787602311565684
1766.0,973.15,10.0,150.0,0.0775,0.2,2.9787369177942047
1715.0,973.15,8.0,262.5,0.0775,0.1,2.9695068375879146
1714.0,973.15,8.0,262.5,0.055,0.5,2.96950612035561
1713.0,973.15,8.0,262.5,0.055,0.4,2.9695041135360083
1712.0,973.15,8.0,262.5,0.055,0.3,2.96949589952148
1711.0,973.15,8.0,262.5,0.055,0.2,2.969414503881432
1724.0,973.15,8.0,262.5,0.1,0.5,2.95530978302404
1723.0,973.15,8.0,262.5,0.1,0.4,2.9553092468749704
1722.0,973.15,8.0,262.5,0.1,0.3,2.9553070512543664
1721.0,973.15,8.0,262.5,0.1,0.2,2.955285282753198
1699.0,973.15,8.0,225.0,0.1,0.5,2.93466766805901
1698.0,973.15,8.0,225.0,0.1,0.4,2.934666878937806
1697.0,973.15,8.0,225.0,0.1,0.3,2.9346636503083707
1696.0,973.15,8.0,225.0,0.1,0.2,2.9346316703294386
2068.0,1023.15,4.0,225.0,0.0775,0.4,2.9339200831904657
2067.0,1023.15,4.0,225.0,0.0775,0.3,2.933918187367071
2066.0,1023.15,4.0,225.0,0.0775,0.2,2.9339128865493147
2065.0,1023.15,4.0,225.0,0.0775,0.1,2.9338912054721216
2064.0,1023.15,4.0,225.0,0.055,0.5,2.933676511313104
1745.0,973.15,8.0,300.0,0.1,0.1,2.92619954948221
1744.0,973.15,8.0,300.0,0.0775,0.5,2.9261993063632685
1743.0,973.15,8.0,300.0,0.0775,0.4,2.9261986254642447
1742.0,973.15,8.0,300.0,0.0775,0.3,2.9261958358163263
1741.0,973.15,8.0,300.0,0.0775,0.2,2.9261681649797286
772.0,923.15,4.0,150.0,0.1,0.3,2.911423797967627
771.0,923.15,4.0,150.0,0.1,0.2,2.911422574617476
770.0,923.15,4.0,150.0,0.1,0.1,2.911419154375242
769.0,923.15,4.0,150.0,0.0775,0.5,2.911405166081424
768.0,923.15,4.0,150.0,0.0775,0.4,2.9112666575962227
1735.0,973.15,8.0,300.0,0.055,0.1,2.909966675048558
1734.0,973.15,8.0,300.0,0.0325,0.5,2.909965832240116
1733.0,973.15,8.0,300.0,0.0325,0.4,2.909963472828241
1732.0,973.15,8.0,300.0,0.0325,0.3,2.909953810539573
1731.0,973.15,8.0,300.0,0.0325,0.2,2.909858011606005
1740.0,973.15,8.0,300.0,0.0775,0.1,2.9096716383547427
1739.0,973.15,8.0,300.0,0.055,0.5,2.909671296176159
1738.0,973.15,8.0,300.0,0.055,0.4,2.9096703380324245
1737.0,973.15,8.0,300.0,0.055,0.3,2.909666413300293
1736.0,973.15,8.0,300.0,0.055,0.2,2.909627491576572
1720.0,973.15,8.0,262.5,0.1,0.1,2.9089278855024854
1719.0,973.15,8.0,262.5,0.0775,0.5,2.908927560522105
1718.0,973.15,8.0,262.5,0.0775,0.4,2.9089266509684117
1717.0,973.15,8.0,262.5,0.0775,0.3,2.908922927070459
1716.0,973.15,8.0,262.5,0.0775,0.2,2.908886015416812
1595.0,973.15,6.0,262.5,0.1,0.1,2.891524382132142
1594.0,973.15,6.0,262.5,0.0775,0.5,2.891521996524668
1593.0,973.15,6.0,262.5,0.0775,0.4,2.8915153263095044
1592.0,973.15,6.0,262.5,0.0775,0.3,2.8914880443668416
1591.0,973.15,6.0,262.5,0.0775,0.2,2.891217885688296
1760.0,973.15,10.0,150.0,0.055,0.1,2.8791891208945564
1759.0,973.15,10.0,150.0,0.0325,0.5,2.879188701375248
1758.0,973.15,10.0,150.0,0.0325,0.4,2.879187526249168
1757.0,973.15,10.0,150.0,0.0325,0.3,2.879182710975812
1756.0,973.15,10.0,150.0,0.0325,0.2,2.879134940003257
1247.0,923.15,10.0,300.0,0.1,0.3,2.873730063624952
1246.0,923.15,10.0,300.0,0.1,0.2,2.8737291209526887
1245.0,923.15,10.0,300.0,0.1,0.1,2.8737264833806124
1244.0,923.15,10.0,300.0,0.0775,0.5,2.8737156877527834
1243.0,923.15,10.0,300.0,0.0775,0.4,2.873608710269365
1212.0,923.15,10.0,262.5,0.055,0.3,2.8668205336748533
1211.0,923.15,10.0,262.5,0.055,0.2,2.8668202400273537
1210.0,923.15,10.0,262.5,0.055,0.1,2.8668194195636896
1209.0,923.15,10.0,262.5,0.0325,0.5,2.8668160661892856
1208.0,923.15,10.0,262.5,0.0325,0.4,2.866782886257004
1755.0,973.15,10.0,150.0,0.0325,0.1,2.864940281552907
1124.0,923.15,8.0,300.0,0.1,0.5,2.8613549203843425
1123.0,923.15,8.0,300.0,0.1,0.4,2.8609863706598504
334.0,873.15,6.0,262.5,0.0325,0.5,2.8598349371015743
333.0,873.15,6.0,262.5,0.0325,0.4,2.859833046827191
332.0,873.15,6.0,262.5,0.0325,0.3,2.859827762164788
331.0,873.15,6.0,262.5,0.0325,0.2,2.859806149131299
330.0,873.15,6.0,262.5,0.0325,0.1,2.859592140937096
672.0,923.15,2.0,187.5,0.1,0.3,2.8360604331660517
669.0,923.15,2.0,187.5,0.0775,0.5,2.835988603534193
668.0,923.15,2.0,187.5,0.0775,0.4,2.835454542461365
1964.0,1023.15,2.0,262.5,0.055,0.5,2.830685149103962
2088.0,1023.15,4.0,262.5,0.055,0.4,2.8289858208153627
2087.0,1023.15,4.0,262.5,0.055,0.3,2.828983625376484
2086.0,1023.15,4.0,262.5,0.055,0.2,2.828977482390644
2085.0,1023.15,4.0,262.5,0.055,0.1,2.8289523383660145
2084.0,1023.15,4.0,262.5,0.0325,0.5,2.828703169021765
1968.0,1023.15,2.0,262.5,0.0775,0.4,2.828192544134332
1967.0,1023.15,2.0,262.5,0.0775,0.3,2.828181895580721
1299.0,973.15,2.0,187.5,0.1,0.5,2.8246297690631303
1298.0,973.15,2.0,187.5,0.1,0.4,2.824605092746152
1495.0,973.15,4.0,300.0,0.1,0.1,2.8175747541279907
1494.0,973.15,4.0,300.0,0.0775,0.5,2.8175610205328216
1493.0,973.15,4.0,300.0,0.0775,0.4,2.817522619755352
1492.0,973.15,4.0,300.0,0.0775,0.3,2.817365546854464
1491.0,973.15,4.0,300.0,0.0775,0.2,2.81580954967992
234.0,873.15,4.0,300.0,0.0325,0.5,2.813811857438903
233.0,873.15,4.0,300.0,0.0325,0.4,2.8138045544674526
232.0,873.15,4.0,300.0,0.0325,0.3,2.813784136140532
231.0,873.15,4.0,300.0,0.0325,0.2,2.8137006244823715
230.0,873.15,4.0,300.0,0.0325,0.1,2.8128735321456544
1267.0,973.15,2.0,150.0,0.0775,0.3,2.810475535129746
1266.0,973.15,2.0,150.0,0.0775,0.2,2.810474394460303
1264.0,973.15,2.0,150.0,0.055,0.5,2.8104581242931066
1263.0,973.15,2.0,150.0,0.055,0.4,2.810328470416958
1217.0,923.15,10.0,262.5,0.0775,0.3,2.8081836247046765
1216.0,923.15,10.0,262.5,0.0775,0.2,2.8081834556763936
1215.0,923.15,10.0,262.5,0.0775,0.1,2.8081829832288294
1214.0,923.15,10.0,262.5,0.055,0.5,2.808181051540955
1213.0,923.15,10.0,262.5,0.055,0.4,2.808161931313496
1023.0,923.15,8.0,150.0,0.1,0.4,2.806254570506692
1024.0,923.15,8.0,150.0,0.1,0.5,2.806231303174646
1232.0,923.15,10.0,300.0,0.0325,0.3,2.8054785001551186
1231.0,923.15,10.0,300.0,0.0325,0.2,2.8054781465144747
1230.0,923.15,10.0,300.0,0.0325,0.1,2.8054771574177253
792.0,923.15,4.0,187.5,0.0775,0.3,2.801736984015952
791.0,923.15,4.0,187.5,0.0775,0.2,2.801735581802609
790.0,923.15,4.0,187.5,0.0775,0.1,2.801731658505662
789.0,923.15,4.0,187.5,0.055,0.5,2.80171560055178
788.0,923.15,4.0,187.5,0.055,0.4,2.801556476650121
2049.0,1023.15,4.0,187.5,0.1,0.5,2.7995465111364903
572.0,873.15,10.0,225.0,0.1,0.3,2.7981890503838294
571.0,873.15,10.0,225.0,0.1,0.2,2.7981622549814267
570.0,873.15,10.0,225.0,0.1,0.1,2.798087332128512
569.0,873.15,10.0,225.0,0.0775,0.5,2.797780859447656
568.0,873.15,10.0,225.0,0.0775,0.4,2.7975639018277443
132.0,873.15,4.0,150.0,0.0325,0.3,2.792328319774641
130.0,873.15,4.0,150.0,0.0325,0.1,2.792206416229563
131.0,873.15,4.0,150.0,0.0325,0.2,2.79184853549023
1868.0,973.15,10.0,300.0,0.0775,0.4,2.7916355788940623
134.0,873.15,4.0,150.0,0.0325,0.5,2.791614552187293
133.0,873.15,4.0,150.0,0.0325,0.4,2.791572715724188
1867.0,973.15,10.0,300.0,0.0775,0.3,2.791511026528041
1865.0,973.15,10.0,300.0,0.0775,0.1,2.7913916514048283
1866.0,973.15,10.0,300.0,0.0775,0.2,2.791162719003856
1864.0,973.15,10.0,300.0,0.055,0.5,2.791119496016788
1262.0,973.15,2.0,150.0,0.055,0.3,2.7897974698550723
1393.0,973.15,4.0,150.0,0.0775,0.4,2.7891994625147243
1392.0,973.15,4.0,150.0,0.0775,0.3,2.789194664221748
1395.0,973.15,4.0,150.0,0.1,0.1,2.7891918103059017
1394.0,973.15,4.0,150.0,0.0775,0.5,2.789031328319565
1391.0,973.15,4.0,150.0,0.0775,0.2,2.7887910771961955
924.0,923.15,6.0,187.5,0.1,0.5,2.7872222857005577
923.0,923.15,6.0,187.5,0.1,0.4,2.786757754286805
1317.0,973.15,2.0,225.0,0.0775,0.3,2.786376886788537
1318.0,973.15,2.0,225.0,0.0775,0.4,2.785934556524172
1319.0,973.15,2.0,225.0,0.0775,0.5,2.7858078576823244
472.0,873.15,8.0,262.5,0.1,0.3,2.7857906383975424
471.0,873.15,8.0,262.5,0.1,0.2,2.785755496824573
470.0,873.15,8.0,262.5,0.1,0.1,2.7857103507436616
469.0,873.15,8.0,262.5,0.0775,0.5,2.7856582541658783
468.0,873.15,8.0,262.5,0.0775,0.4,2.7854616744680745
1786.0,973.15,10.0,187.5,0.055,0.2,2.7849063059316843
1787.0,973.15,10.0,187.5,0.055,0.3,2.7847659883900167
1788.0,973.15,10.0,187.5,0.055,0.4,2.7846824212883075
1615.0,973.15,6.0,300.0,0.0775,0.1,2.783679429211698
1614.0,973.15,6.0,300.0,0.055,0.5,2.7836766389388314
1613.0,973.15,6.0,300.0,0.055,0.4,2.7836688316081046
1612.0,973.15,6.0,300.0,0.055,0.3,2.7836368753057585
1611.0,973.15,6.0,300.0,0.055,0.2,2.783320196365988
1237.0,923.15,10.0,300.0,0.055,0.3,2.78069086439264
1236.0,923.15,10.0,300.0,0.055,0.2,2.780690652241909
1235.0,923.15,10.0,300.0,0.055,0.1,2.780690058707961
1234.0,923.15,10.0,300.0,0.0325,0.5,2.780687629627193
1233.0,923.15,10.0,300.0,0.0325,0.4,2.7806635623199485
1297.0,973.15,2.0,187.5,0.1,0.3,2.775979123822613
1296.0,973.15,2.0,187.5,0.1,0.2,2.775978822244671
1294.0,973.15,2.0,187.5,0.0775,0.5,2.775974514615092
1293.0,973.15,2.0,187.5,0.0775,0.4,2.775940155850715
1222.0,923.15,10.0,262.5,0.1,0.3,2.77390180658401
1221.0,923.15,10.0,262.5,0.1,0.2,2.773901674255244
1220.0,923.15,10.0,262.5,0.1,0.1,2.7739013042714484
1219.0,923.15,10.0,262.5,0.0775,0.5,2.773899791053627
1218.0,923.15,10.0,262.5,0.0775,0.4,2.773884808092541
1242.0,923.15,10.0,300.0,0.0775,0.3,2.768784088813793
1241.0,923.15,10.0,300.0,0.0775,0.2,2.7687839261992404
1240.0,923.15,10.0,300.0,0.0775,0.1,2.7687834711419166
1239.0,923.15,10.0,300.0,0.055,0.5,2.768781608327769
1238.0,923.15,10.0,300.0,0.055,0.4,2.768763146860371
757.0,923.15,4.0,150.0,0.0325,0.3,2.766720858544338
756.0,923.15,4.0,150.0,0.0325,0.2,2.766720439861289
755.0,923.15,4.0,150.0,0.0325,0.1,2.7667192700732954
1249.0,923.15,10.0,300.0,0.1,0.5,2.764033844198618
1248.0,923.15,10.0,300.0,0.1,0.4,2.7639856979996624
1287.0,973.15,2.0,187.5,0.055,0.3,2.7545211293889063
2108.0,1023.15,4.0,300.0,0.0325,0.4,2.749040161799349
2107.0,1023.15,4.0,300.0,0.0325,0.3,2.7490377566515365
2106.0,1023.15,4.0,300.0,0.0325,0.2,2.749031023438349
2105.0,1023.15,4.0,300.0,0.0325,0.1,2.749003449249332
1274.0,973.15,2.0,150.0,0.1,0.5,2.7486228738418044
1273.0,973.15,2.0,150.0,0.1,0.4,2.7485883185095368
1580.0,973.15,6.0,262.5,0.0325,0.1,2.746612489972982
1147.0,923.15,10.0,150.0,0.1,0.3,2.743591891472314
1146.0,923.15,10.0,150.0,0.1,0.2,2.7435881640059927
1145.0,923.15,10.0,150.0,0.1,0.1,2.743577734430429
1144.0,923.15,10.0,150.0,0.0775,0.5,2.743535045143416
1143.0,923.15,10.0,150.0,0.0775,0.4,2.743112000428652
1272.0,973.15,2.0,150.0,0.1,0.3,2.7395317126436534
1271.0,973.15,2.0,150.0,0.1,0.2,2.739531240714136
1269.0,973.15,2.0,150.0,0.0775,0.5,2.739524506337877
1268.0,973.15,2.0,150.0,0.0775,0.4,2.739470826489356
1292.0,973.15,2.0,187.5,0.0775,0.3,2.7311875293783525
1291.0,973.15,2.0,187.5,0.0775,0.2,2.731187035656277
1289.0,973.15,2.0,187.5,0.055,0.5,2.731179985732805
1288.0,973.15,2.0,187.5,0.055,0.4,2.7311237659941234
2073.0,1023.15,4.0,225.0,0.1,0.4,2.7274231653865564
2072.0,1023.15,4.0,225.0,0.1,0.3,2.727422408239567
2071.0,1023.15,4.0,225.0,0.1,0.2,2.727420290516242
2070.0,1023.15,4.0,225.0,0.1,0.1,2.72741162589074
2069.0,1023.15,4.0,225.0,0.0775,0.5,2.727325801073437
812.0,923.15,4.0,225.0,0.055,0.3,2.7230356524320345
811.0,923.15,4.0,225.0,0.055,0.2,2.723034072549571
810.0,923.15,4.0,225.0,0.055,0.1,2.723029649796178
809.0,923.15,4.0,225.0,0.0325,0.5,2.723011537904928
808.0,923.15,4.0,225.0,0.0325,0.4,2.7228319646924555
2058.0,1023.15,4.0,225.0,0.0325,0.4,2.7140014377055524
2057.0,1023.15,4.0,225.0,0.0325,0.3,2.714001056595841
2056.0,1023.15,4.0,225.0,0.0325,0.2,2.7139999913260784
2055.0,1023.15,4.0,225.0,0.0325,0.1,2.7139956356603774
692.0,923.15,2.0,225.0,0.0775,0.3,2.7106198520865483
689.0,923.15,2.0,225.0,0.055,0.5,2.710538493053847
688.0,923.15,2.0,225.0,0.055,0.4,2.70993301545647
1988.0,1023.15,2.0,300.0,0.055,0.4,2.705836056042345
1987.0,1023.15,2.0,300.0,0.055,0.3,2.705823825071434
1635.0,973.15,8.0,150.0,0.055,0.1,2.705491290738889
1634.0,973.15,8.0,150.0,0.0325,0.5,2.7054880880461964
1633.0,973.15,8.0,150.0,0.0325,0.4,2.7054791221342582
1632.0,973.15,8.0,150.0,0.0325,0.3,2.7054424045532155
1631.0,973.15,8.0,150.0,0.0325,0.2,2.705078357191455
1984.0,1023.15,2.0,300.0,0.0325,0.5,2.7042611163493846
2124.0,1023.15,4.0,300.0,0.1,0.5,2.696546995976051
1112.0,923.15,8.0,300.0,0.055,0.3,2.6965100978675114
1111.0,923.15,8.0,300.0,0.055,0.2,2.6965089336358887
1110.0,923.15,8.0,300.0,0.055,0.1,2.696505680606472
1109.0,923.15,8.0,300.0,0.0325,0.5,2.696492384540249
1108.0,923.15,8.0,300.0,0.0325,0.4,2.6963608219302837
319.0,873.15,6.0,225.0,0.0775,0.5,2.6933328315964644
318.0,873.15,6.0,225.0,0.0775,0.4,2.6933321679623035
317.0,873.15,6.0,225.0,0.0775,0.3,2.6933303138453946
316.0,873.15,6.0,225.0,0.0775,0.2,2.693322736073253
315.0,873.15,6.0,225.0,0.0775,0.1,2.693247759362293
1515.0,973.15,6.0,150.0,0.0775,0.1,2.6920644273969607
1514.0,973.15,6.0,150.0,0.055,0.5,2.6920487162982245
1513.0,973.15,6.0,150.0,0.055,0.4,2.692004755003849
1512.0,973.15,6.0,150.0,0.055,0.3,2.691824810764301
774.0,923.15,4.0,150.0,0.1,0.5,2.6903261160497074
773.0,923.15,4.0,150.0,0.1,0.4,2.690268937998249
1511.0,973.15,6.0,150.0,0.055,0.2,2.690041263665356
2093.0,1023.15,4.0,262.5,0.0775,0.4,2.680027160828462
2092.0,1023.15,4.0,262.5,0.0775,0.3,2.6800262328672755
2091.0,1023.15,4.0,262.5,0.0775,0.2,2.68002363566668
2090.0,1023.15,4.0,262.5,0.0775,0.1,2.680013002127396
2089.0,1023.15,4.0,262.5,0.055,0.5,2.679907602065588
2063.0,1023.15,4.0,225.0,0.055,0.4,2.679300445570449
2062.0,1023.15,4.0,225.0,0.055,0.3,2.679300171176279
2061.0,1023.15,4.0,225.0,0.055,0.2,2.679299403966671
2060.0,1023.15,4.0,225.0,0.055,0.1,2.6792962660544504
2059.0,1023.15,4.0,225.0,0.0325,0.5,2.679265196023785
1047.0,923.15,8.0,187.5,0.1,0.3,2.678669207225905
1046.0,923.15,8.0,187.5,0.1,0.2,2.6786480735575053
1045.0,923.15,8.0,187.5,0.1,0.1,2.678588939440937
1044.0,923.15,8.0,187.5,0.0775,0.5,2.678346887606287
1043.0,923.15,8.0,187.5,0.0775,0.4,2.678291021941792
2123.0,1023.15,4.0,300.0,0.1,0.4,2.6764655976976277
2122.0,1023.15,4.0,300.0,0.1,0.3,2.6764651803359385
2121.0,1023.15,4.0,300.0,0.1,0.2,2.676464011235669
2120.0,1023.15,4.0,300.0,0.1,0.1,2.6764592205953086
2119.0,1023.15,4.0,300.0,0.0775,0.5,2.676411694390458
2074.0,1023.15,4.0,225.0,0.1,0.5,2.67296524282213
589.0,873.15,10.0,262.5,0.055,0.5,2.6700239630076537
588.0,873.15,10.0,262.5,0.055,0.4,2.6696598467058985
762.0,923.15,4.0,150.0,0.055,0.3,2.669599868849076
761.0,923.15,4.0,150.0,0.055,0.2,2.6695996058238323
760.0,923.15,4.0,150.0,0.055,0.1,2.6695988706591685
759.0,923.15,4.0,150.0,0.0325,0.5,2.669595864840878
758.0,923.15,4.0,150.0,0.0325,0.4,2.6695661128493287
592.0,873.15,10.0,262.5,0.0775,0.3,2.668900412989309
591.0,873.15,10.0,262.5,0.0775,0.2,2.668869874127221
590.0,873.15,10.0,262.5,0.0775,0.1,2.6687844233948224
2098.0,1023.15,4.0,262.5,0.1,0.4,2.667963627272097
2097.0,1023.15,4.0,262.5,0.1,0.3,2.667963117576837
2096.0,1023.15,4.0,262.5,0.1,0.2,2.6679616907029207
2095.0,1023.15,4.0,262.5,0.1,0.1,2.6679558473958545
832.0,923.15,4.0,262.5,0.0325,0.3,2.6642313304461087
831.0,923.15,4.0,262.5,0.0325,0.2,2.664229574278987
830.0,923.15,4.0,262.5,0.0325,0.1,2.664224656095469
1599.0,973.15,6.0,262.5,0.1,0.5,2.662119321372805
1598.0,973.15,6.0,262.5,0.1,0.4,2.662116444457902
1597.0,973.15,6.0,262.5,0.1,0.3,2.662104673652789
1596.0,973.15,6.0,262.5,0.1,0.2,2.661988081433672
1888.0,1023.15,2.0,150.0,0.055,0.4,2.6614505241586945
1887.0,1023.15,2.0,150.0,0.055,0.3,2.6613081857165217
1884.0,1023.15,2.0,150.0,0.0325,0.5,2.6609473239061607
1886.0,1023.15,2.0,150.0,0.055,0.2,2.6609098816331604
2083.0,1023.15,4.0,262.5,0.0325,0.4,2.659953680176588
2082.0,1023.15,4.0,262.5,0.0325,0.3,2.65995333391966
2081.0,1023.15,4.0,262.5,0.0325,0.2,2.6599523649491883
2080.0,1023.15,4.0,262.5,0.0325,0.1,2.6599483983553087
2143.0,1023.15,6.0,150.0,0.0775,0.4,2.65933542055606
2142.0,1023.15,6.0,150.0,0.0775,0.3,2.6593349136539253
2141.0,1023.15,6.0,150.0,0.0775,0.2,2.6593334932986785
2140.0,1023.15,6.0,150.0,0.0775,0.1,2.659327671270413
2139.0,1023.15,6.0,150.0,0.055,0.5,2.6592698952543707
2099.0,1023.15,4.0,262.5,0.1,0.5,2.6590103512980705
1415.0,973.15,4.0,187.5,0.0775,0.1,2.658425328893816
1413.0,973.15,4.0,187.5,0.055,0.4,2.6584185632125754
374.0,873.15,6.0,300.0,0.1,0.5,2.6583746614152908
373.0,873.15,6.0,300.0,0.1,0.4,2.65837221043463
372.0,873.15,6.0,300.0,0.1,0.3,2.658365349184989
1412.0,973.15,4.0,187.5,0.055,0.3,2.6583607233746025
371.0,873.15,6.0,300.0,0.1,0.2,2.6583372514735197
1414.0,973.15,4.0,187.5,0.055,0.5,2.658242133180329
1411.0,973.15,4.0,187.5,0.055,0.2,2.658177328645713
370.0,873.15,6.0,300.0,0.1,0.1,2.658058672926087
1167.0,923.15,10.0,187.5,0.0775,0.3,2.657409739943935
1166.0,923.15,10.0,187.5,0.0775,0.2,2.657405569539641
1165.0,923.15,10.0,187.5,0.0775,0.1,2.65739389457932
1164.0,923.15,10.0,187.5,0.055,0.5,2.657346082961535
1163.0,923.15,10.0,187.5,0.055,0.4,2.656872042790995
946.0,923.15,6.0,225.0,0.1,0.2,2.65634554445286
945.0,923.15,6.0,225.0,0.1,0.1,2.6561312762352864
944.0,923.15,6.0,225.0,0.0775,0.5,2.6561306792687427
947.0,923.15,6.0,225.0,0.1,0.3,2.656109470209913
943.0,923.15,6.0,225.0,0.0775,0.4,2.655749206330869
870.0,923.15,4.0,300.0,0.1,0.1,2.654883817686971
871.0,923.15,4.0,300.0,0.1,0.2,2.6545984709592085
489.0,873.15,8.0,300.0,0.055,0.5,2.654430653267713
492.0,873.15,8.0,300.0,0.0775,0.3,2.654379663037898
491.0,873.15,8.0,300.0,0.0775,0.2,2.6543349116722847
490.0,873.15,8.0,300.0,0.0775,0.1,2.654267792819305
488.0,873.15,8.0,300.0,0.055,0.4,2.6539728588659783
1333.0,973.15,2.0,262.5,0.0325,0.4,2.6532979247461346
1334.0,973.15,2.0,262.5,0.0325,0.5,2.653167299796218
2094.0,1023.15,4.0,262.5,0.0775,0.5,2.649218305627991
2113.0,1023.15,4.0,300.0,0.055,0.4,2.646464610438433
2112.0,1023.15,4.0,300.0,0.055,0.3,2.646463546428373
2111.0,1023.15,4.0,300.0,0.055,0.2,2.6464605670469674
2110.0,1023.15,4.0,300.0,0.055,0.1,2.646448362929438
2109.0,1023.15,4.0,300.0,0.0325,0.5,2.6463273368236195
2138.0,1023.15,6.0,150.0,0.055,0.4,2.645937358122947
2137.0,1023.15,6.0,150.0,0.055,0.3,2.64593669044538
2136.0,1023.15,6.0,150.0,0.055,0.2,2.6459348198708854
2135.0,1023.15,6.0,150.0,0.055,0.1,2.6459271535592435
2134.0,1023.15,6.0,150.0,0.0325,0.5,2.6458510875539343
1949.0,1023.15,2.0,225.0,0.1,0.5,2.6457982933191198
2118.0,1023.15,4.0,300.0,0.0775,0.4,2.640361450620386
2117.0,1023.15,4.0,300.0,0.0775,0.3,2.6403608060382058
2116.0,1023.15,4.0,300.0,0.0775,0.2,2.640359000761936
2115.0,1023.15,4.0,300.0,0.0775,0.1,2.6403516045332083
2114.0,1023.15,4.0,300.0,0.055,0.5,2.64027824242595
1655.0,973.15,8.0,187.5,0.0325,0.1,2.6397504038223065
797.0,923.15,4.0,187.5,0.1,0.3,2.639298994414628
796.0,923.15,4.0,187.5,0.1,0.2,2.639298414816061
795.0,923.15,4.0,187.5,0.1,0.1,2.639296792659141
794.0,923.15,4.0,187.5,0.0775,0.5,2.639290151286229
793.0,923.15,4.0,187.5,0.0775,0.4,2.639224322047303
1585.0,973.15,6.0,262.5,0.055,0.1,2.6351489143047298
1584.0,973.15,6.0,262.5,0.0325,0.5,2.635148403705575
1583.0,973.15,6.0,262.5,0.0325,0.4,2.635146976498012
1582.0,973.15,6.0,262.5,0.0325,0.3,2.635141140968755
1581.0,973.15,6.0,262.5,0.0325,0.2,2.6350833787407115
782.0,923.15,4.0,187.5,0.0325,0.3,2.63368830561325
781.0,923.15,4.0,187.5,0.0325,0.2,2.633688017307188
780.0,923.15,4.0,187.5,0.0325,0.1,2.6336872107200184
1480.0,973.15,4.0,300.0,0.0325,0.1,2.6283673706999995
767.0,923.15,4.0,150.0,0.0775,0.3,2.6281570167483275
766.0,923.15,4.0,150.0,0.0775,0.2,2.628156836213126
765.0,923.15,4.0,150.0,0.0775,0.1,2.628156331452437
764.0,923.15,4.0,150.0,0.055,0.5,2.62815426702016
763.0,923.15,4.0,150.0,0.055,0.4,2.62813382638362
2133.0,1023.15,6.0,150.0,0.0325,0.4,2.6246273378759284
2132.0,1023.15,6.0,150.0,0.0325,0.3,2.624626180920289
2131.0,1023.15,6.0,150.0,0.0325,0.2,2.6246229401327503
2130.0,1023.15,6.0,150.0,0.0325,0.1,2.624609660491775
219.0,873.15,4.0,262.5,0.0775,0.5,2.622682020310799
218.0,873.15,4.0,262.5,0.0775,0.4,2.622679461330716
217.0,873.15,4.0,262.5,0.0775,0.3,2.622672311426536
216.0,873.15,4.0,262.5,0.0775,0.2,2.62264308840439
215.0,873.15,4.0,262.5,0.0775,0.1,2.6223539269813467
787.0,923.15,4.0,187.5,0.055,0.3,2.616528135640801
786.0,923.15,4.0,187.5,0.055,0.2,2.616527929003997
785.0,923.15,4.0,187.5,0.055,0.1,2.616527350758973
784.0,923.15,4.0,187.5,0.0325,0.5,2.616524983676588
783.0,923.15,4.0,187.5,0.0325,0.4,2.616501524765671
2008.0,1023.15,4.0,150.0,0.0325,0.4,2.6164571989567684
2007.0,1023.15,4.0,150.0,0.0325,0.3,2.6164434394366243
2006.0,1023.15,4.0,150.0,0.0325,0.2,2.616404919409067
2005.0,1023.15,4.0,150.0,0.0325,0.1,2.616247169526333
1012.0,923.15,8.0,150.0,0.055,0.3,2.6135653947249877
1011.0,923.15,8.0,150.0,0.055,0.2,2.6135588033634463
1010.0,923.15,8.0,150.0,0.055,0.1,2.6135403855821715
1009.0,923.15,8.0,150.0,0.0325,0.5,2.613465104247424
1008.0,923.15,8.0,150.0,0.0325,0.4,2.612720110593874
807.0,923.15,4.0,225.0,0.0325,0.3,2.6099147092501296
806.0,923.15,4.0,225.0,0.0325,0.2,2.6099144699491754
805.0,923.15,4.0,225.0,0.0325,0.1,2.6099137999086155
799.0,923.15,4.0,187.5,0.1,0.5,2.608064327490789
798.0,923.15,4.0,187.5,0.1,0.4,2.6080252857075283
1620.0,973.15,6.0,300.0,0.1,0.1,2.605420112336802
1619.0,973.15,6.0,300.0,0.0775,0.5,2.605418989028157
1618.0,973.15,6.0,300.0,0.0775,0.4,2.60541584509312
1617.0,973.15,6.0,300.0,0.0775,0.3,2.6054029731303108
1616.0,973.15,6.0,300.0,0.0775,0.2,2.605275386587449
1535.0,973.15,6.0,187.5,0.055,0.1,2.6038257922915693
1534.0,973.15,6.0,187.5,0.0325,0.5,2.6038079062992647
1533.0,973.15,6.0,187.5,0.0325,0.4,2.603757834208255
1532.0,973.15,6.0,187.5,0.0325,0.3,2.603552775438676
817.0,923.15,4.0,225.0,0.0775,0.3,2.6033057504566712
816.0,923.15,4.0,225.0,0.0775,0.2,2.6033050764345163
815.0,923.15,4.0,225.0,0.0775,0.1,2.60330318910218
814.0,923.15,4.0,225.0,0.055,0.5,2.6032954582987102
813.0,923.15,4.0,225.0,0.055,0.4,2.603218792651098
1132.0,923.15,10.0,150.0,0.0325,0.3,2.6021444730799903
1131.0,923.15,10.0,150.0,0.0325,0.2,2.6021431289927857
1130.0,923.15,10.0,150.0,0.0325,0.1,2.6021393696520785
847.0,923.15,4.0,262.5,0.1,0.3,2.6015624533115784
846.0,923.15,4.0,262.5,0.1,0.2,2.6015621410294694
845.0,923.15,4.0,262.5,0.1,0.1,2.6015612660086624
844.0,923.15,4.0,262.5,0.0775,0.5,2.601557679304612
843.0,923.15,4.0,262.5,0.0775,0.4,2.6015220851166845
1531.0,973.15,6.0,187.5,0.0325,0.2,2.6015196383546377
339.0,873.15,6.0,262.5,0.055,0.5,2.5998801784300096
338.0,873.15,6.0,262.5,0.055,0.4,2.599879411613441
337.0,873.15,6.0,262.5,0.055,0.3,2.599877266965907
336.0,873.15,6.0,262.5,0.055,0.2,2.59986849255216
335.0,873.15,6.0,262.5,0.055,0.1,2.5997815824439616
557.0,873.15,10.0,225.0,0.0325,0.3,2.599604187586566
556.0,873.15,10.0,225.0,0.0325,0.2,2.5995947387688467
555.0,873.15,10.0,225.0,0.0325,0.1,2.599568336792622
274.0,873.15,6.0,150.0,0.1,0.5,2.598946395574199
273.0,873.15,6.0,150.0,0.1,0.4,2.598936920900468
272.0,873.15,6.0,150.0,0.1,0.3,2.5989103970682086
271.0,873.15,6.0,150.0,0.1,0.2,2.5988017767389096
270.0,873.15,6.0,150.0,0.1,0.1,2.597724820421538
394.0,873.15,8.0,150.0,0.0775,0.5,2.596165449047837
393.0,873.15,8.0,150.0,0.0775,0.4,2.596162694485513
392.0,873.15,8.0,150.0,0.0775,0.3,2.596154980331096
391.0,873.15,8.0,150.0,0.0775,0.2,2.596123377298519
390.0,873.15,8.0,150.0,0.0775,0.1,2.5958099251420346
822.0,923.15,4.0,225.0,0.1,0.3,2.5957181749724305
821.0,923.15,4.0,225.0,0.1,0.2,2.595717792935713
820.0,923.15,4.0,225.0,0.1,0.1,2.595716722977897
819.0,923.15,4.0,225.0,0.0775,0.5,2.5957123393761776
818.0,923.15,4.0,225.0,0.0775,0.4,2.595668858559081
1187.0,923.15,10.0,225.0,0.055,0.3,2.5948279569300805
1186.0,923.15,10.0,225.0,0.055,0.2,2.5948232913874008
1185.0,923.15,10.0,225.0,0.055,0.1,2.5948102252675977
1184.0,923.15,10.0,225.0,0.0325,0.5,2.594756695859552
1183.0,923.15,10.0,225.0,0.0325,0.4,2.594225779368772
1605.0,973.15,6.0,300.0,0.0325,0.1,2.5915692369352303
119.0,873.15,2.0,300.0,0.0775,0.5,2.59095565494544
1067.0,923.15,8.0,225.0,0.0775,0.3,2.5898983401070854
1066.0,923.15,8.0,225.0,0.0775,0.2,2.58987423414648
1065.0,923.15,8.0,225.0,0.0775,0.1,2.5898067493108994
1064.0,923.15,8.0,225.0,0.055,0.5,2.589530380803022
1849.0,973.15,10.0,262.5,0.1,0.5,2.5891923910445893
1063.0,923.15,8.0,225.0,0.055,0.4,2.589186013864657
824.0,923.15,4.0,225.0,0.1,0.5,2.5879638089334387
823.0,923.15,4.0,225.0,0.1,0.4,2.587929401249495
1380.0,973.15,4.0,150.0,0.0325,0.1,2.586156005596138
1590.0,973.15,6.0,262.5,0.0775,0.1,2.5851192042516558
1589.0,973.15,6.0,262.5,0.055,0.5,2.585118843023853
1588.0,973.15,6.0,262.5,0.055,0.4,2.585117833030388
1587.0,973.15,6.0,262.5,0.055,0.3,2.5851137021366317
1586.0,973.15,6.0,262.5,0.055,0.2,2.5850728001538723
912.0,923.15,6.0,187.5,0.055,0.3,2.583107805482536
911.0,923.15,6.0,187.5,0.055,0.2,2.5830304838319647
909.0,923.15,6.0,187.5,0.0325,0.5,2.582930186552149
910.0,923.15,6.0,187.5,0.055,0.1,2.5828144152415278
908.0,923.15,6.0,187.5,0.0325,0.4,2.5826713364382368
848.0,923.15,4.0,262.5,0.1,0.4,2.581217644579821
849.0,923.15,4.0,262.5,0.1,0.5,2.580872678074889
455.0,873.15,8.0,262.5,0.0325,0.1,2.580772636973101
456.0,873.15,8.0,262.5,0.0325,0.2,2.5807565762114235
457.0,873.15,8.0,262.5,0.0325,0.3,2.580538371657521
1308.0,973.15,2.0,225.0,0.0325,0.4,2.579043789828513
1774.0,973.15,10.0,150.0,0.1,0.5,2.5785471482607245
612.0,873.15,10.0,300.0,0.055,0.3,2.5783186022347646
611.0,873.15,10.0,300.0,0.055,0.2,2.57828389293383
610.0,873.15,10.0,300.0,0.055,0.1,2.5781867242079057
609.0,873.15,10.0,300.0,0.0325,0.5,2.577788792175271
837.0,923.15,4.0,262.5,0.055,0.3,2.5775864992554283
836.0,923.15,4.0,262.5,0.055,0.2,2.577585753438589
835.0,923.15,4.0,262.5,0.055,0.1,2.57758366432454
834.0,923.15,4.0,262.5,0.0325,0.5,2.577575103886022
833.0,923.15,4.0,262.5,0.0325,0.4,2.577490179921176
608.0,873.15,10.0,300.0,0.0325,0.4,2.577070036062007
842.0,923.15,4.0,262.5,0.0775,0.3,2.573918687888238
841.0,923.15,4.0,262.5,0.0775,0.2,2.5739182222595747
840.0,923.15,4.0,262.5,0.0775,0.1,2.5739169177551253
839.0,923.15,4.0,262.5,0.055,0.5,2.573911571418793
838.0,923.15,4.0,262.5,0.055,0.4,2.573858523252387
171.0,873.15,4.0,187.5,0.1,0.2,2.5695271151180368
174.0,873.15,4.0,187.5,0.1,0.5,2.5693350700073934
173.0,873.15,4.0,187.5,0.1,0.4,2.569281062369128
170.0,873.15,4.0,187.5,0.1,0.1,2.569266839157196
172.0,873.15,4.0,187.5,0.1,0.3,2.569129868280527
1117.0,923.15,8.0,300.0,0.0775,0.3,2.568326757504154
1116.0,923.15,8.0,300.0,0.0775,0.2,2.5683260839730355
1115.0,923.15,8.0,300.0,0.0775,0.1,2.568324201358773
1114.0,923.15,8.0,300.0,0.055,0.5,2.5683165038184983
1908.0,1023.15,2.0,187.5,0.0325,0.4,2.5682958883448306
1113.0,923.15,8.0,300.0,0.055,0.4,2.568240310912465
1907.0,1023.15,2.0,187.5,0.0325,0.3,2.5681349992276545
324.0,873.15,6.0,225.0,0.1,0.5,2.567919773507369
323.0,873.15,6.0,225.0,0.1,0.4,2.5679193882228093
322.0,873.15,6.0,225.0,0.1,0.3,2.567918311359234
321.0,873.15,6.0,225.0,0.1,0.2,2.567913908521315
320.0,873.15,6.0,225.0,0.1,0.1,2.567870329016352
1640.0,973.15,8.0,150.0,0.0775,0.1,2.567861721931417
1639.0,973.15,8.0,150.0,0.055,0.5,2.5678604040253954
1638.0,973.15,8.0,150.0,0.055,0.4,2.5678567137059547
1637.0,973.15,8.0,150.0,0.055,0.3,2.567841597485807
1636.0,973.15,8.0,150.0,0.055,0.2,2.5676916941753003
1435.0,973.15,4.0,225.0,0.055,0.1,2.5651703798984458
1433.0,973.15,4.0,225.0,0.0325,0.4,2.5650999782231807
1434.0,973.15,4.0,225.0,0.0325,0.5,2.564963222288541
1432.0,973.15,4.0,225.0,0.0325,0.3,2.5648418714746857
1431.0,973.15,4.0,225.0,0.0325,0.2,2.564584369278361
967.0,923.15,6.0,262.5,0.0775,0.3,2.562889805983556
965.0,923.15,6.0,262.5,0.0775,0.1,2.562826943648379
966.0,923.15,6.0,262.5,0.0775,0.2,2.562608168141653
964.0,923.15,6.0,262.5,0.055,0.5,2.5625559745159414
1610.0,973.15,6.0,300.0,0.055,0.1,2.562520519136505
1609.0,973.15,6.0,300.0,0.0325,0.5,2.562520092012465
1608.0,973.15,6.0,300.0,0.0325,0.4,2.562518896744841
1607.0,973.15,6.0,300.0,0.0325,0.3,2.5625140037861995
1606.0,973.15,6.0,300.0,0.0325,0.2,2.562465512201308
963.0,923.15,6.0,262.5,0.055,0.4,2.562019939408654
1624.0,973.15,6.0,300.0,0.1,0.5,2.5613898412982223
1623.0,973.15,6.0,300.0,0.1,0.4,2.5613878847919653
1622.0,973.15,6.0,300.0,0.1,0.3,2.5613798725587644
1621.0,973.15,6.0,300.0,0.1,0.2,2.5613004366819125
510.0,873.15,10.0,150.0,0.055,0.1,2.560645263797144
512.0,873.15,10.0,150.0,0.055,0.3,2.5605510882311195
511.0,873.15,10.0,150.0,0.055,0.2,2.5604737777245568
509.0,873.15,10.0,150.0,0.0325,0.5,2.560426152496824
881.0,923.15,6.0,150.0,0.0325,0.2,2.559943198711874
508.0,873.15,10.0,150.0,0.0325,0.4,2.5599238261602077
882.0,923.15,6.0,150.0,0.0325,0.3,2.559663605177722
74.0,873.15,2.0,225.0,0.1,0.5,2.5591716447782416
73.0,873.15,2.0,225.0,0.1,0.4,2.559128117111525
1347.0,973.15,2.0,262.5,0.1,0.3,2.5587081534844645
1348.0,973.15,2.0,262.5,0.1,0.4,2.558617820466805
1816.0,973.15,10.0,225.0,0.0775,0.2,2.558259122037962
1817.0,973.15,10.0,225.0,0.0775,0.3,2.558106824652098
1818.0,973.15,10.0,225.0,0.0775,0.4,2.5580663615875894
674.0,923.15,2.0,187.5,0.1,0.5,2.5547821695103248
673.0,923.15,2.0,187.5,0.1,0.4,2.554562437430375
2024.0,1023.15,4.0,150.0,0.1,0.5,2.552691897644555
1630.0,973.15,8.0,150.0,0.0325,0.1,2.547164953466132
1969.0,1023.15,2.0,262.5,0.0775,0.5,2.5457363623391656
1649.0,973.15,8.0,150.0,0.1,0.5,2.5435204872372985
1648.0,973.15,8.0,150.0,0.1,0.4,2.543518917364528
1647.0,973.15,8.0,150.0,0.1,0.3,2.543512484483477
1646.0,973.15,8.0,150.0,0.1,0.2,2.543448666872343
1645.0,973.15,8.0,150.0,0.1,0.1,2.542711194848103
1644.0,973.15,8.0,150.0,0.0775,0.5,2.5427104022491056
1643.0,973.15,8.0,150.0,0.0775,0.4,2.5427081824263453
1642.0,973.15,8.0,150.0,0.0775,0.3,2.5426990878160485
1641.0,973.15,8.0,150.0,0.0775,0.2,2.5426088807094405
1973.0,1023.15,2.0,262.5,0.1,0.4,2.542388189663456
1972.0,1023.15,2.0,262.5,0.1,0.3,2.542383827794495
1971.0,1023.15,2.0,262.5,0.1,0.2,2.542371627635504
1149.0,923.15,10.0,150.0,0.1,0.5,2.541648127518539
1148.0,923.15,10.0,150.0,0.1,0.4,2.5414707558054603
359.0,873.15,6.0,300.0,0.0325,0.5,2.539940620646809
358.0,873.15,6.0,300.0,0.0325,0.4,2.53993972910345
357.0,873.15,6.0,300.0,0.0325,0.3,2.539937233910018
356.0,873.15,6.0,300.0,0.0325,0.2,2.5399270182559697
355.0,873.15,6.0,300.0,0.0325,0.1,2.539825761654157
1660.0,973.15,8.0,187.5,0.055,0.1,2.5397946634678727
1659.0,973.15,8.0,187.5,0.0325,0.5,2.539793188629757
1658.0,973.15,8.0,187.5,0.0325,0.4,2.5397890574174404
1657.0,973.15,8.0,187.5,0.0325,0.3,2.53977212916454
1656.0,973.15,8.0,187.5,0.0325,0.2,2.5396041984287434
1555.0,973.15,6.0,225.0,0.0325,0.1,2.535913957533409
1665.0,973.15,8.0,187.5,0.0775,0.1,2.53395376293109
1664.0,973.15,8.0,187.5,0.055,0.5,2.533952909307072
1663.0,973.15,8.0,187.5,0.055,0.4,2.533950517785339
1662.0,973.15,8.0,187.5,0.055,0.3,2.533940716460864
1661.0,973.15,8.0,187.5,0.055,0.2,2.5338434682173414
294.0,873.15,6.0,187.5,0.0775,0.5,2.5305412607743074
293.0,873.15,6.0,187.5,0.0775,0.4,2.5305307056023736
292.0,873.15,6.0,187.5,0.0775,0.3,2.5305011455322437
291.0,873.15,6.0,187.5,0.0775,0.2,2.5303800450644944
290.0,873.15,6.0,187.5,0.0775,0.1,2.529179016923484
1670.0,973.15,8.0,187.5,0.1,0.1,2.5262349616457085
1669.0,973.15,8.0,187.5,0.0775,0.5,2.526234280162765
1668.0,973.15,8.0,187.5,0.0775,0.4,2.5262323706286383
1667.0,973.15,8.0,187.5,0.0775,0.3,2.5262245434758595
1666.0,973.15,8.0,187.5,0.0775,0.2,2.526146870465681
1499.0,973.15,4.0,300.0,0.1,0.5,2.52251328775581
1498.0,973.15,4.0,300.0,0.1,0.4,2.522497476536647
1497.0,973.15,4.0,300.0,0.1,0.3,2.522432784870547
1496.0,973.15,4.0,300.0,0.1,0.2,2.5217919944763114
1087.0,923.15,8.0,262.5,0.055,0.3,2.520956656296705
1086.0,923.15,8.0,262.5,0.055,0.2,2.520929765571457
1085.0,923.15,8.0,262.5,0.055,0.1,2.520854456671387
1084.0,923.15,8.0,262.5,0.0325,0.5,2.520545938106508
1083.0,923.15,8.0,262.5,0.0325,0.4,2.519863711583046
239.0,873.15,4.0,300.0,0.055,0.5,2.51786251894182
238.0,873.15,4.0,300.0,0.055,0.4,2.5178595206917245
237.0,873.15,4.0,300.0,0.055,0.3,2.517851134893677
236.0,873.15,4.0,300.0,0.055,0.2,2.5178168252681936
235.0,873.15,4.0,300.0,0.055,0.1,2.517476983201636
1137.0,923.15,10.0,150.0,0.055,0.3,2.513915283842342
1136.0,923.15,10.0,150.0,0.055,0.2,2.5139144624074383
1135.0,923.15,10.0,150.0,0.055,0.1,2.513912164255007
1134.0,923.15,10.0,150.0,0.0325,0.5,2.513902758831084
344.0,873.15,6.0,262.5,0.0775,0.5,2.513851071061368
343.0,873.15,6.0,262.5,0.0775,0.4,2.513850600648076
342.0,873.15,6.0,262.5,0.0775,0.3,2.5138492845964704
341.0,873.15,6.0,262.5,0.0775,0.2,2.51384389863298
1133.0,923.15,10.0,150.0,0.0325,0.4,2.513809570295341
340.0,873.15,6.0,262.5,0.0775,0.1,2.5137905351745937
1122.0,923.15,8.0,300.0,0.1,0.3,2.50710856727505
1121.0,923.15,8.0,300.0,0.1,0.2,2.5071080849625083
1120.0,923.15,8.0,300.0,0.1,0.1,2.5071067364232418
1119.0,923.15,8.0,300.0,0.0775,0.5,2.507101220892645
1118.0,923.15,8.0,300.0,0.0775,0.4,2.507046609077557
1032.0,923.15,8.0,187.5,0.0325,0.3,2.5037101540381093
1031.0,923.15,8.0,187.5,0.0325,0.2,2.5037025422804646
1030.0,923.15,8.0,187.5,0.0325,0.1,2.503681252299852
1958.0,1023.15,2.0,262.5,0.0325,0.4,2.5014962200765334
1957.0,1023.15,2.0,262.5,0.0325,0.3,2.501493992767436
191.0,873.15,4.0,225.0,0.0775,0.2,2.499534747789608
190.0,873.15,4.0,225.0,0.0775,0.1,2.4995184286113323
194.0,873.15,4.0,225.0,0.0775,0.5,2.4994339598541244
193.0,873.15,4.0,225.0,0.0775,0.4,2.499373636325617
192.0,873.15,4.0,225.0,0.0775,0.3,2.4992046996612527
1172.0,923.15,10.0,187.5,0.1,0.3,2.4984098124370293
1171.0,923.15,10.0,187.5,0.1,0.2,2.498408036932477
1170.0,923.15,10.0,187.5,0.1,0.1,2.4984030652870324
1169.0,923.15,10.0,187.5,0.0775,0.5,2.498382700589844
1168.0,923.15,10.0,187.5,0.0775,0.4,2.4981807527363387
1924.0,1023.15,2.0,187.5,0.1,0.5,2.498032858961801
1455.0,973.15,4.0,262.5,0.0325,0.1,2.495276569391801
985.0,923.15,6.0,300.0,0.055,0.1,2.4927311509631105
986.0,923.15,6.0,300.0,0.055,0.2,2.492601453907687
984.0,923.15,6.0,300.0,0.0325,0.5,2.492570435028889
987.0,923.15,6.0,300.0,0.055,0.3,2.492406960195329
983.0,923.15,6.0,300.0,0.0325,0.4,2.491681959543762
532.0,873.15,10.0,187.5,0.0325,0.3,2.490423968805187
530.0,873.15,10.0,187.5,0.0325,0.1,2.49034362438568
531.0,873.15,10.0,187.5,0.0325,0.2,2.4903004737831704
574.0,873.15,10.0,225.0,0.1,0.5,2.488902726541227
892.0,923.15,6.0,150.0,0.0775,0.3,2.4888638644968
94.0,873.15,2.0,262.5,0.0775,0.5,2.488648518573795
893.0,923.15,6.0,150.0,0.0775,0.4,2.4885704803346504
1359.0,973.15,2.0,300.0,0.0325,0.5,2.4883327584727213
573.0,873.15,10.0,225.0,0.1,0.4,2.4876561622297646
697.0,923.15,2.0,225.0,0.1,0.3,2.487508003981479
1831.0,973.15,10.0,262.5,0.0325,0.2,2.487494765835471
694.0,923.15,2.0,225.0,0.0775,0.5,2.4874741452764493
1832.0,973.15,10.0,262.5,0.0325,0.3,2.487392686202895
1833.0,973.15,10.0,262.5,0.0325,0.4,2.4873395931871816
693.0,923.15,2.0,225.0,0.0775,0.4,2.4872221019013816
1485.0,973.15,4.0,300.0,0.055,0.1,2.4787888325951384
1484.0,973.15,4.0,300.0,0.0325,0.5,2.4787859363083737
1483.0,973.15,4.0,300.0,0.0325,0.4,2.478777840601896
1482.0,973.15,4.0,300.0,0.0325,0.3,2.4787447386729333
364.0,873.15,6.0,300.0,0.055,0.5,2.4787212465666437
363.0,873.15,6.0,300.0,0.055,0.4,2.47872073569004
362.0,873.15,6.0,300.0,0.055,0.3,2.478719305537961
361.0,873.15,6.0,300.0,0.055,0.2,2.478713448893573
360.0,873.15,6.0,300.0,0.055,0.1,2.478655384304348
1157.0,923.15,10.0,187.5,0.0325,0.3,2.478570293675664
1156.0,923.15,10.0,187.5,0.0325,0.2,2.4785694025732914
1155.0,923.15,10.0,187.5,0.0325,0.1,2.478566907974536
1481.0,973.15,4.0,300.0,0.0325,0.2,2.4784170747490477
139.0,873.15,4.0,150.0,0.055,0.5,2.4770643428465524
138.0,873.15,4.0,150.0,0.055,0.4,2.477047275461506
135.0,873.15,4.0,150.0,0.055,0.1,2.477031757818926
137.0,873.15,4.0,150.0,0.055,0.3,2.476999538652888
136.0,873.15,4.0,150.0,0.055,0.2,2.476804224470494
1873.0,973.15,10.0,300.0,0.1,0.4,2.475813730504015
1993.0,1023.15,2.0,300.0,0.0775,0.4,2.475783728425008
1992.0,1023.15,2.0,300.0,0.0775,0.3,2.475778674608045
1872.0,973.15,10.0,300.0,0.1,0.3,2.4757623931184365
1871.0,973.15,10.0,300.0,0.1,0.2,2.475618801127736
1989.0,1023.15,2.0,300.0,0.055,0.5,2.475132636338574
1869.0,973.15,10.0,300.0,0.0775,0.5,2.475123196226444
1870.0,973.15,10.0,300.0,0.1,0.1,2.475031286390184
349.0,873.15,6.0,262.5,0.1,0.5,2.4749996661994085
348.0,873.15,6.0,262.5,0.1,0.4,2.4749993431824464
347.0,873.15,6.0,262.5,0.1,0.3,2.474998439269536
346.0,873.15,6.0,262.5,0.1,0.2,2.4749947390651306
345.0,873.15,6.0,262.5,0.1,0.1,2.4749580685044275
1142.0,923.15,10.0,150.0,0.0775,0.3,2.473800704950606
1141.0,923.15,10.0,150.0,0.0775,0.2,2.4738001431136505
1140.0,923.15,10.0,150.0,0.0775,0.1,2.473798570868768
1139.0,923.15,10.0,150.0,0.055,0.5,2.473792134728868
1138.0,923.15,10.0,150.0,0.055,0.4,2.4737283498174056
224.0,873.15,4.0,262.5,0.1,0.5,2.472030495514804
223.0,873.15,4.0,262.5,0.1,0.4,2.472028990363348
222.0,873.15,4.0,262.5,0.1,0.3,2.47202478334564
221.0,873.15,4.0,262.5,0.1,0.2,2.4720075821696423
220.0,873.15,4.0,262.5,0.1,0.1,2.471837319314929
1399.0,973.15,4.0,150.0,0.1,0.5,2.470990498848378
1397.0,973.15,4.0,150.0,0.1,0.3,2.4708222565945364
1398.0,973.15,4.0,150.0,0.1,0.4,2.470806297812692
1396.0,973.15,4.0,150.0,0.1,0.2,2.470644864865969
931.0,923.15,6.0,225.0,0.0325,0.2,2.467847503275149
930.0,923.15,6.0,225.0,0.0325,0.1,2.467597221835679
932.0,923.15,6.0,225.0,0.0325,0.3,2.4673876885638326
1188.0,923.15,10.0,225.0,0.055,0.4,2.4665853955695867
399.0,873.15,8.0,150.0,0.1,0.5,2.465704787292116
398.0,873.15,8.0,150.0,0.1,0.4,2.465703619940813
397.0,873.15,8.0,150.0,0.1,0.3,2.465700350076577
396.0,873.15,8.0,150.0,0.1,0.2,2.465686951414066
395.0,873.15,8.0,150.0,0.1,0.1,2.4655540326010787
1192.0,923.15,10.0,225.0,0.0775,0.3,2.465473074138574
1191.0,923.15,10.0,225.0,0.0775,0.2,2.465471163625793
1190.0,923.15,10.0,225.0,0.0775,0.1,2.465465812044541
1189.0,923.15,10.0,225.0,0.055,0.5,2.4654438832396472
474.0,873.15,8.0,262.5,0.1,0.5,2.464613296753659
416.0,873.15,8.0,187.5,0.0775,0.2,2.46458851683714
417.0,873.15,8.0,187.5,0.0775,0.3,2.464350045002133
473.0,873.15,8.0,262.5,0.1,0.4,2.464340329749758
859.0,923.15,4.0,300.0,0.0325,0.5,2.4628096210526262
860.0,923.15,4.0,300.0,0.055,0.1,2.462508306575078
861.0,923.15,4.0,300.0,0.055,0.2,2.462402675485205
1322.0,973.15,2.0,225.0,0.1,0.3,2.4614251700102185
1323.0,973.15,2.0,225.0,0.1,0.4,2.4614102544051217
1789.0,973.15,10.0,187.5,0.055,0.5,2.4612294537274626
1790.0,973.15,10.0,187.5,0.0775,0.1,2.4609885567348013
1791.0,973.15,10.0,187.5,0.0775,0.2,2.460930801922619
1792.0,973.15,10.0,187.5,0.0775,0.3,2.4609165331222025
1013.0,923.15,8.0,150.0,0.055,0.4,2.4581519085847363
369.0,873.15,6.0,300.0,0.0775,0.5,2.456724131701914
368.0,873.15,6.0,300.0,0.0775,0.4,2.4567237691795416
367.0,873.15,6.0,300.0,0.0775,0.3,2.456722754124273
366.0,873.15,6.0,300.0,0.0775,0.2,2.4567185964933294
365.0,873.15,6.0,300.0,0.0775,0.1,2.456677367666104
1017.0,923.15,8.0,150.0,0.0775,0.3,2.456461709208716
1016.0,923.15,8.0,150.0,0.0775,0.2,2.4564578480554893
1015.0,923.15,8.0,150.0,0.0775,0.1,2.456447055397037
1014.0,923.15,8.0,150.0,0.055,0.5,2.456402926206861
384.0,873.15,8.0,150.0,0.0325,0.5,2.453981136283985
383.0,873.15,8.0,150.0,0.0325,0.4,2.4539805395509005
382.0,873.15,8.0,150.0,0.0325,0.3,2.4539788683063524
381.0,873.15,8.0,150.0,0.0325,0.2,2.453972021269161
380.0,873.15,8.0,150.0,0.0325,0.1,2.4539041066797105
1174.0,923.15,10.0,187.5,0.1,0.5,2.4537262689868227
1173.0,923.15,10.0,187.5,0.1,0.4,2.4536078931803784
1520.0,973.15,6.0,150.0,0.1,0.1,2.452651424642013
1519.0,973.15,6.0,150.0,0.0775,0.5,2.452644903292673
1518.0,973.15,6.0,150.0,0.0775,0.4,2.45262665116839
1517.0,973.15,6.0,150.0,0.0775,0.3,2.4525519233709145
1516.0,973.15,6.0,150.0,0.0775,0.2,2.4518112886409678
1162.0,923.15,10.0,187.5,0.055,0.3,2.449649782723501
1161.0,923.15,10.0,187.5,0.055,0.2,2.449649094306272
1160.0,923.15,10.0,187.5,0.055,0.1,2.449647166730684
1159.0,923.15,10.0,187.5,0.0325,0.5,2.449639271395029
1158.0,923.15,10.0,187.5,0.0325,0.4,2.449560978815057
259.0,873.15,6.0,150.0,0.0325,0.5,2.4469464532310345
258.0,873.15,6.0,150.0,0.0325,0.4,2.4469430049206524
257.0,873.15,6.0,150.0,0.0325,0.3,2.4469333538741576
256.0,873.15,6.0,150.0,0.0325,0.2,2.4468938409148127
255.0,873.15,6.0,150.0,0.0325,0.1,2.446502204618377
389.0,873.15,8.0,150.0,0.055,0.5,2.4432315041859
388.0,873.15,8.0,150.0,0.055,0.4,2.4432310892588203
387.0,873.15,8.0,150.0,0.055,0.3,2.44322992698865
386.0,873.15,8.0,150.0,0.055,0.2,2.4432251643659324
385.0,873.15,8.0,150.0,0.055,0.1,2.443177916099041
667.0,923.15,2.0,187.5,0.0775,0.3,2.4431252661812977
664.0,923.15,2.0,187.5,0.055,0.5,2.443114568986997
663.0,923.15,2.0,187.5,0.055,0.4,2.443035048091261
1182.0,923.15,10.0,225.0,0.0325,0.3,2.442095009321001
1181.0,923.15,10.0,225.0,0.0325,0.2,2.442094289270897
1180.0,923.15,10.0,225.0,0.0325,0.1,2.4420922722946297
562.0,873.15,10.0,225.0,0.055,0.3,2.4404766581456325
561.0,873.15,10.0,225.0,0.055,0.2,2.440471058650215
560.0,873.15,10.0,225.0,0.055,0.1,2.440455407074696
559.0,873.15,10.0,225.0,0.0325,0.5,2.440391410802309
717.0,923.15,2.0,262.5,0.0775,0.3,2.4403752240456784
714.0,923.15,2.0,262.5,0.055,0.5,2.440336689377442
713.0,923.15,2.0,262.5,0.055,0.4,2.440049664472185
558.0,873.15,10.0,225.0,0.0325,0.4,2.439757920869688
1197.0,923.15,10.0,225.0,0.1,0.3,2.4362898894998586
1196.0,923.15,10.0,225.0,0.1,0.2,2.4362887288469266
1195.0,923.15,10.0,225.0,0.1,0.1,2.4362854771554527
1194.0,923.15,10.0,225.0,0.0775,0.5,2.436272150591098
1193.0,923.15,10.0,225.0,0.0775,0.4,2.436139928524531
1974.0,1023.15,2.0,262.5,0.1,0.5,2.4354894532110984
1049.0,923.15,8.0,187.5,0.1,0.5,2.431553988343704
1048.0,923.15,8.0,187.5,0.1,0.4,2.430557760671986
2013.0,1023.15,4.0,150.0,0.055,0.4,2.428780329579231
2012.0,1023.15,4.0,150.0,0.055,0.3,2.428774526631835
2011.0,1023.15,4.0,150.0,0.055,0.2,2.428758277575927
1963.0,1023.15,2.0,262.5,0.055,0.4,2.4287364625924384
1962.0,1023.15,2.0,262.5,0.055,0.3,2.428734827115341
2010.0,1023.15,4.0,150.0,0.055,0.1,2.428691719454278
1959.0,1023.15,2.0,262.5,0.0325,0.5,2.4285263601129308
2009.0,1023.15,4.0,150.0,0.0325,0.5,2.4280317854290128
124.0,873.15,2.0,300.0,0.1,0.5,2.4271599472337364
123.0,873.15,2.0,300.0,0.1,0.4,2.4271512697038866
409.0,873.15,8.0,187.5,0.0325,0.5,2.426246990187185
408.0,873.15,8.0,187.5,0.0325,0.4,2.4262464857129173
407.0,873.15,8.0,187.5,0.0325,0.3,2.4262450721689457
406.0,873.15,8.0,187.5,0.0325,0.2,2.426239278082346
405.0,873.15,8.0,187.5,0.0325,0.1,2.426181779163298
1199.0,923.15,10.0,225.0,0.1,0.5,2.425138208839212
1198.0,923.15,10.0,225.0,0.1,0.4,2.425038490171013
1858.0,973.15,10.0,300.0,0.0325,0.4,2.424892497033931
1857.0,973.15,10.0,300.0,0.0325,0.3,2.424866260895302
1856.0,973.15,10.0,300.0,0.0325,0.2,2.424792924334903
1855.0,973.15,10.0,300.0,0.0325,0.1,2.4244930548396315
1385.0,973.15,4.0,150.0,0.055,0.1,2.4204440656513584
1384.0,973.15,4.0,150.0,0.0325,0.5,2.4204102885603764
1383.0,973.15,4.0,150.0,0.0325,0.4,2.42031587309174
1382.0,973.15,4.0,150.0,0.0325,0.3,2.4199298103862112
1381.0,973.15,4.0,150.0,0.0325,0.2,2.4196078336165523
916.0,923.15,6.0,187.5,0.0775,0.2,2.416325737758048
915.0,923.15,6.0,187.5,0.0775,0.1,2.4161979741006867
914.0,923.15,6.0,187.5,0.055,0.5,2.416189909616413
913.0,923.15,6.0,187.5,0.055,0.4,2.415936703593497
917.0,923.15,6.0,187.5,0.0775,0.3,2.4158540596849702
593.0,873.15,10.0,262.5,0.0775,0.4,2.414158840402226
597.0,873.15,10.0,262.5,0.1,0.3,2.4140735043668613
596.0,873.15,10.0,262.5,0.1,0.2,2.4140609290258777
595.0,873.15,10.0,262.5,0.1,0.1,2.414025733095286
594.0,873.15,10.0,262.5,0.0775,0.5,2.413881636084083
410.0,873.15,8.0,187.5,0.055,0.1,2.4131117937846462
460.0,873.15,8.0,262.5,0.055,0.1,2.4129753421015976
459.0,873.15,8.0,262.5,0.0325,0.5,2.4129015306969914
462.0,873.15,8.0,262.5,0.055,0.3,2.412882705935841
461.0,873.15,8.0,262.5,0.055,0.2,2.41281672881222
411.0,873.15,8.0,187.5,0.055,0.2,2.412575263765837
458.0,873.15,8.0,262.5,0.0325,0.4,2.412451466879366
412.0,873.15,8.0,187.5,0.055,0.3,2.412425713889289
1309.0,973.15,2.0,225.0,0.0325,0.5,2.4095707364899326
1312.0,973.15,2.0,225.0,0.055,0.3,2.4090598882348564
1780.0,973.15,10.0,187.5,0.0325,0.1,2.40856213647781
1781.0,973.15,10.0,187.5,0.0325,0.2,2.408531654795645
699.0,923.15,2.0,225.0,0.1,0.5,2.4075598053826157
698.0,923.15,2.0,225.0,0.1,0.4,2.4074118224500145
1505.0,973.15,6.0,150.0,0.0325,0.1,2.4067226730668154
1536.0,973.15,6.0,187.5,0.055,0.2,2.403025495966694
244.0,873.15,4.0,300.0,0.0775,0.5,2.4014109497537874
243.0,873.15,4.0,300.0,0.0775,0.4,2.401409181641925
242.0,873.15,4.0,300.0,0.0775,0.3,2.401404235001128
241.0,873.15,4.0,300.0,0.0775,0.2,2.401383990568557
159.0,873.15,4.0,187.5,0.0325,0.5,2.4012534121312963
158.0,873.15,4.0,187.5,0.0325,0.4,2.4012338426872337
240.0,873.15,4.0,300.0,0.0775,0.1,2.4011834133354397
157.0,873.15,4.0,187.5,0.0325,0.3,2.4011790719656734
1540.0,973.15,6.0,187.5,0.0775,0.1,2.4011560302445174
1539.0,973.15,6.0,187.5,0.055,0.5,2.4011487285829305
1538.0,973.15,6.0,187.5,0.055,0.4,2.4011282829743665
1537.0,973.15,6.0,187.5,0.055,0.3,2.401044535863226
156.0,873.15,4.0,187.5,0.0325,0.2,2.400954836248788
155.0,873.15,4.0,187.5,0.0325,0.1,2.400908683497478
1487.0,973.15,4.0,300.0,0.055,0.3,2.3999400060058687
1486.0,973.15,4.0,300.0,0.055,0.2,2.399704419909055
1893.0,1023.15,2.0,150.0,0.0775,0.4,2.3993491738816566
1892.0,1023.15,2.0,150.0,0.0775,0.3,2.399290392959226
1891.0,1023.15,2.0,150.0,0.0775,0.2,2.39912587905841
1889.0,1023.15,2.0,150.0,0.055,0.5,2.398647966775597
1490.0,973.15,4.0,300.0,0.0775,0.1,2.397933678997652
1489.0,973.15,4.0,300.0,0.055,0.5,2.397931655644409
1488.0,973.15,4.0,300.0,0.055,0.4,2.397925998292444
1420.0,973.15,4.0,187.5,0.1,0.1,2.394800583141211
1419.0,973.15,4.0,187.5,0.0775,0.5,2.3947249124707475
1416.0,973.15,4.0,187.5,0.0775,0.2,2.3945318256563413
1418.0,973.15,4.0,187.5,0.0775,0.4,2.394513130092523
1417.0,973.15,4.0,187.5,0.0775,0.3,2.3944235923489217
2033.0,1023.15,4.0,187.5,0.0325,0.4,2.393586177519684
2032.0,1023.15,4.0,187.5,0.0325,0.3,2.3935795925796826
2031.0,1023.15,4.0,187.5,0.0325,0.2,2.39356114740234
2030.0,1023.15,4.0,187.5,0.0325,0.1,2.393485567691793
1998.0,1023.15,2.0,300.0,0.1,0.4,2.3934841079440843
1997.0,1023.15,2.0,300.0,0.1,0.3,2.393481020148703
1994.0,1023.15,2.0,300.0,0.0775,0.5,2.393086050775349
949.0,923.15,6.0,225.0,0.1,0.5,2.390796187507472
948.0,923.15,6.0,225.0,0.1,0.4,2.390161102364951
497.0,873.15,8.0,300.0,0.1,0.3,2.3875551046258563
494.0,873.15,8.0,300.0,0.0775,0.5,2.387475237071248
496.0,873.15,8.0,300.0,0.1,0.2,2.387406602151073
495.0,873.15,8.0,300.0,0.1,0.1,2.38735974840957
493.0,873.15,8.0,300.0,0.0775,0.4,2.386971121305618
424.0,873.15,8.0,187.5,0.1,0.5,2.3854143511358483
872.0,923.15,4.0,300.0,0.1,0.3,2.384178903190861
1033.0,923.15,8.0,187.5,0.0325,0.4,2.383893988147772
873.0,923.15,4.0,300.0,0.1,0.4,2.383868461202455
874.0,923.15,4.0,300.0,0.1,0.5,2.3838037394994123
1337.0,973.15,2.0,262.5,0.055,0.3,2.383128630099648
1807.0,973.15,10.0,225.0,0.0325,0.3,2.382914597556164
1806.0,973.15,10.0,225.0,0.0325,0.2,2.382910070203507
1805.0,973.15,10.0,225.0,0.0325,0.1,2.3829026890604994
1037.0,923.15,8.0,187.5,0.055,0.3,2.3823730671610024
1036.0,923.15,8.0,187.5,0.055,0.2,2.38236857351445
1035.0,923.15,8.0,187.5,0.055,0.1,2.3823560014231013
1034.0,923.15,8.0,187.5,0.0325,0.5,2.3823045488701733
1983.0,1023.15,2.0,300.0,0.0325,0.4,2.382167799269548
1982.0,1023.15,2.0,300.0,0.0325,0.3,2.3821658804959758
1072.0,923.15,8.0,225.0,0.1,0.3,2.3809240748348373
1071.0,923.15,8.0,225.0,0.1,0.2,2.3809140445697388
1070.0,923.15,8.0,225.0,0.1,0.1,2.380885958619265
1069.0,923.15,8.0,225.0,0.0775,0.5,2.380770917143514
1068.0,923.15,8.0,225.0,0.0775,0.4,2.3796304252561944
722.0,923.15,2.0,262.5,0.1,0.3,2.378342454405564
719.0,923.15,2.0,262.5,0.0775,0.5,2.3783198083707724
718.0,923.15,2.0,262.5,0.0775,0.4,2.3781510853150216
1022.0,923.15,8.0,150.0,0.1,0.3,2.3740978309341103
1021.0,923.15,8.0,150.0,0.1,0.2,2.374095073880865
1020.0,923.15,8.0,150.0,0.1,0.1,2.374087365106102
1019.0,923.15,8.0,150.0,0.0775,0.5,2.3740558358992967
1018.0,923.15,8.0,150.0,0.0775,0.4,2.3737436481439005
1556.0,973.15,6.0,225.0,0.0325,0.2,2.3655509641237744
1560.0,973.15,6.0,225.0,0.055,0.1,2.364088169015949
1559.0,973.15,6.0,225.0,0.0325,0.5,2.364079971954222
1558.0,973.15,6.0,225.0,0.0325,0.4,2.3640570111190518
1557.0,973.15,6.0,225.0,0.0325,0.3,2.363962929431372
2016.0,1023.15,4.0,150.0,0.0775,0.2,2.362965610056516
2015.0,1023.15,4.0,150.0,0.0775,0.1,2.362924723627214
2014.0,1023.15,4.0,150.0,0.055,0.5,2.362519251525334
582.0,873.15,10.0,262.5,0.0325,0.3,2.362341876721419
581.0,873.15,10.0,262.5,0.0325,0.2,2.3623354105547607
580.0,873.15,10.0,262.5,0.0325,0.1,2.362317319915936
1524.0,973.15,6.0,150.0,0.1,0.5,2.362069271521728
1523.0,973.15,6.0,150.0,0.1,0.4,2.362058281784215
1522.0,973.15,6.0,150.0,0.1,0.3,2.362013277418389
2018.0,1023.15,4.0,150.0,0.0775,0.4,2.3618089296000058
2017.0,1023.15,4.0,150.0,0.0775,0.3,2.3618055372455964
1521.0,973.15,6.0,150.0,0.1,0.2,2.3615671456708656
617.0,873.15,10.0,300.0,0.0775,0.3,2.360690530901532
616.0,873.15,10.0,300.0,0.0775,0.2,2.360676314048437
615.0,873.15,10.0,300.0,0.0775,0.1,2.360636505392756
613.0,873.15,10.0,300.0,0.055,0.4,2.360496004611259
614.0,873.15,10.0,300.0,0.055,0.5,2.360473450108301
299.0,873.15,6.0,187.5,0.1,0.5,2.357293950448176
298.0,873.15,6.0,187.5,0.1,0.4,2.357289623288419
297.0,873.15,6.0,187.5,0.1,0.3,2.357277502477143
296.0,873.15,6.0,187.5,0.1,0.2,2.3572278367049764
295.0,873.15,6.0,187.5,0.1,0.1,2.356735218997741
742.0,923.15,2.0,300.0,0.0775,0.3,2.356658529299011
739.0,923.15,2.0,300.0,0.055,0.5,2.356632465067132
738.0,923.15,2.0,300.0,0.055,0.4,2.356438196594165
264.0,873.15,6.0,150.0,0.055,0.5,2.35485380250012
263.0,873.15,6.0,150.0,0.055,0.4,2.3548517476709905
262.0,873.15,6.0,150.0,0.055,0.3,2.354845995318535
261.0,873.15,6.0,150.0,0.055,0.2,2.3548224387215586
260.0,873.15,6.0,150.0,0.055,0.1,2.3545889034817886
567.0,873.15,10.0,225.0,0.0775,0.3,2.3535060795728358
566.0,873.15,10.0,225.0,0.0775,0.2,2.353502134029762
565.0,873.15,10.0,225.0,0.0775,0.1,2.353491102257097
564.0,873.15,10.0,225.0,0.055,0.5,2.3534459819715763
563.0,873.15,10.0,225.0,0.055,0.4,2.352999221246294
1999.0,1023.15,2.0,300.0,0.1,0.5,2.351792017216107
724.0,923.15,2.0,262.5,0.1,0.5,2.351536059349048
723.0,923.15,2.0,262.5,0.1,0.4,2.3514148856624963
1510.0,973.15,6.0,150.0,0.055,0.1,2.34862184477064
1509.0,973.15,6.0,150.0,0.0325,0.5,2.3486194304762
1508.0,973.15,6.0,150.0,0.0325,0.4,2.3486126742731
1507.0,973.15,6.0,150.0,0.0325,0.3,2.3485850171001457
1506.0,973.15,6.0,150.0,0.0325,0.2,2.348310936455043
144.0,873.15,4.0,150.0,0.0775,0.5,2.3471205694772457
143.0,873.15,4.0,150.0,0.0775,0.4,2.347110527509877
142.0,873.15,4.0,150.0,0.0775,0.3,2.3470824328544886
141.0,873.15,4.0,150.0,0.0775,0.2,2.346967454169621
140.0,873.15,4.0,150.0,0.0775,0.1,2.346868945963064
1913.0,1023.15,2.0,187.5,0.055,0.4,2.345366087456336
1912.0,1023.15,2.0,187.5,0.055,0.3,2.3452993199112067
1911.0,1023.15,2.0,187.5,0.055,0.2,2.3451123733731176
1874.0,973.15,10.0,300.0,0.1,0.5,2.3446221884472367
1909.0,1023.15,2.0,187.5,0.0325,0.5,2.3442970309591997
1088.0,923.15,8.0,262.5,0.055,0.4,2.3415280308516597
249.0,873.15,4.0,300.0,0.1,0.5,2.3410532755455677
248.0,873.15,4.0,300.0,0.1,0.4,2.341052035723393
247.0,873.15,4.0,300.0,0.1,0.3,2.3410485662335727
246.0,873.15,4.0,300.0,0.1,0.2,2.3410343636470823
245.0,873.15,4.0,300.0,0.1,0.1,2.34089361295972
1092.0,923.15,8.0,262.5,0.0775,0.3,2.340868726753805
1091.0,923.15,8.0,262.5,0.0775,0.2,2.3408576189150536
1090.0,923.15,8.0,262.5,0.0775,0.1,2.3408265048512384
1089.0,923.15,8.0,262.5,0.055,0.5,2.340699017652243
1440.0,973.15,4.0,225.0,0.0775,0.1,2.34044672135923
1439.0,973.15,4.0,225.0,0.055,0.5,2.34036076550887
1438.0,973.15,4.0,225.0,0.055,0.4,2.3401200974004785
1405.0,973.15,4.0,187.5,0.0325,0.1,2.339974441703802
1437.0,973.15,4.0,225.0,0.055,0.3,2.3398941561609874
1436.0,973.15,4.0,225.0,0.055,0.2,2.33986738514639
2038.0,1023.15,4.0,187.5,0.055,0.4,2.3396709234770823
2037.0,1023.15,4.0,187.5,0.055,0.3,2.339667001879305
2036.0,1023.15,4.0,187.5,0.055,0.2,2.339656015158827
2035.0,1023.15,4.0,187.5,0.055,0.1,2.3396109889079044
2034.0,1023.15,4.0,187.5,0.0325,0.5,2.339164361589888
747.0,923.15,2.0,300.0,0.1,0.3,2.3370336370199314
744.0,923.15,2.0,300.0,0.0775,0.5,2.337015173116977
743.0,923.15,2.0,300.0,0.0775,0.4,2.336877524589291
970.0,923.15,6.0,262.5,0.1,0.1,2.336086395599177
972.0,923.15,6.0,262.5,0.1,0.3,2.335981318944905
971.0,923.15,6.0,262.5,0.1,0.2,2.335864954399317
969.0,923.15,6.0,262.5,0.0775,0.5,2.335829942201394
1861.0,973.15,10.0,300.0,0.055,0.2,2.335704499328615
1860.0,973.15,10.0,300.0,0.055,0.1,2.3354900073315914
936.0,923.15,6.0,225.0,0.055,0.2,2.335099196166482
1859.0,973.15,10.0,300.0,0.0325,0.5,2.3350652323460035
968.0,923.15,6.0,262.5,0.0775,0.4,2.3350395110883118
1057.0,923.15,8.0,225.0,0.0325,0.3,2.3349517072636865
935.0,923.15,6.0,225.0,0.055,0.1,2.334950361135422
1056.0,923.15,8.0,225.0,0.0325,0.2,2.3349464422795245
1055.0,923.15,8.0,225.0,0.0325,0.1,2.3349317032094854
1863.0,973.15,10.0,300.0,0.055,0.4,2.334904785876188
1862.0,973.15,10.0,300.0,0.055,0.3,2.334886165464275
934.0,923.15,6.0,225.0,0.0325,0.5,2.334875793448845
937.0,923.15,6.0,225.0,0.055,0.3,2.3346138563172425
933.0,923.15,6.0,225.0,0.0325,0.4,2.334386262596115
515.0,873.15,10.0,150.0,0.0775,0.1,2.3325244714830093
517.0,873.15,10.0,150.0,0.0775,0.3,2.3324377462956694
514.0,873.15,10.0,150.0,0.055,0.5,2.3323723073589444
516.0,873.15,10.0,150.0,0.0775,0.2,2.3322693040771503
513.0,873.15,10.0,150.0,0.055,0.4,2.3316114687893075
2023.0,1023.15,4.0,150.0,0.1,0.4,2.3313490011274647
2022.0,1023.15,4.0,150.0,0.1,0.3,2.331346513115953
2021.0,1023.15,4.0,150.0,0.1,0.2,2.3313395438070765
2020.0,1023.15,4.0,150.0,0.1,0.1,2.331310986141427
2019.0,1023.15,4.0,150.0,0.0775,0.5,2.331027728970893
480.0,873.15,8.0,300.0,0.0325,0.1,2.330977655622192
482.0,873.15,8.0,300.0,0.0325,0.3,2.3309093462271275
481.0,873.15,8.0,300.0,0.0325,0.2,2.330832708532885
1387.0,973.15,4.0,150.0,0.055,0.3,2.3298204332263093
1390.0,973.15,4.0,150.0,0.0775,0.1,2.3295179871559064
1389.0,973.15,4.0,150.0,0.055,0.5,2.32949404828576
1388.0,973.15,4.0,150.0,0.055,0.4,2.3294271140464
1545.0,973.15,6.0,187.5,0.1,0.1,2.3292065657182914
1544.0,973.15,6.0,187.5,0.0775,0.5,2.32920208926435
1543.0,973.15,6.0,187.5,0.0775,0.4,2.3291895521701638
1542.0,973.15,6.0,187.5,0.0775,0.3,2.3291381889890914
1386.0,973.15,4.0,150.0,0.055,0.2,2.329042519598276
432.0,873.15,8.0,225.0,0.0325,0.3,2.329036164640416
433.0,873.15,8.0,225.0,0.0325,0.4,2.328785420800711
1541.0,973.15,6.0,187.5,0.0775,0.2,2.3286288497742085
862.0,923.15,4.0,300.0,0.055,0.3,2.328507710887706
418.0,873.15,8.0,187.5,0.0775,0.4,2.328245991375595
883.0,923.15,6.0,150.0,0.0325,0.4,2.3281372337846404
1819.0,973.15,10.0,225.0,0.0775,0.5,2.328018563515444
884.0,923.15,6.0,150.0,0.0325,0.5,2.327804378226382
885.0,923.15,6.0,150.0,0.055,0.1,2.327749622453692
419.0,873.15,8.0,187.5,0.0775,0.5,2.3277374508474
420.0,873.15,8.0,187.5,0.1,0.1,2.3275954649007566
1349.0,973.15,2.0,262.5,0.1,0.5,2.327361065535781
1822.0,973.15,10.0,225.0,0.1,0.3,2.3272113562965764
1821.0,973.15,10.0,225.0,0.1,0.2,2.327184967517881
1820.0,973.15,10.0,225.0,0.1,0.1,2.3271592301720294
863.0,923.15,4.0,300.0,0.055,0.4,2.3264402696028896
864.0,923.15,4.0,300.0,0.055,0.5,2.326283380165478
865.0,923.15,4.0,300.0,0.0775,0.1,2.32625085019003
1324.0,973.15,2.0,225.0,0.1,0.5,2.3260215248692857
1793.0,973.15,10.0,187.5,0.0775,0.4,2.325414195384517
1796.0,973.15,10.0,187.5,0.1,0.2,2.325404761320954
1795.0,973.15,10.0,187.5,0.1,0.1,2.325396860629636
1794.0,973.15,10.0,187.5,0.0775,0.5,2.3253663274322074
922.0,923.15,6.0,187.5,0.1,0.3,2.324965171766286
919.0,923.15,6.0,187.5,0.0775,0.5,2.3249539035063416
921.0,923.15,6.0,187.5,0.1,0.2,2.324932777290093
920.0,923.15,6.0,187.5,0.1,0.1,2.32484220085154
918.0,923.15,6.0,187.5,0.0775,0.4,2.3245243577365304
467.0,873.15,8.0,262.5,0.0775,0.3,2.3209840762457
466.0,873.15,8.0,262.5,0.0775,0.2,2.320937416255781
464.0,873.15,8.0,262.5,0.055,0.5,2.3209205766400176
465.0,873.15,8.0,262.5,0.0775,0.1,2.3208069529423905
463.0,873.15,8.0,262.5,0.055,0.4,2.320517259011222
284.0,873.15,6.0,187.5,0.0325,0.5,2.320327300885541
283.0,873.15,6.0,187.5,0.0325,0.4,2.320325011585981
1042.0,923.15,8.0,187.5,0.0775,0.3,2.320322777858768
1041.0,923.15,8.0,187.5,0.0775,0.2,2.320319518372137
282.0,873.15,6.0,187.5,0.0325,0.3,2.3203186000246685
1040.0,923.15,8.0,187.5,0.0775,0.1,2.3203103969887766
281.0,873.15,6.0,187.5,0.0325,0.2,2.320292332256704
1039.0,923.15,8.0,187.5,0.055,0.5,2.3202730578558044
280.0,873.15,6.0,187.5,0.0325,0.1,2.3200318141967173
1038.0,923.15,8.0,187.5,0.055,0.4,2.3199030379480337
413.0,873.15,8.0,187.5,0.055,0.4,2.318884692837801
414.0,873.15,8.0,187.5,0.055,0.5,2.3184992153917583
415.0,873.15,8.0,187.5,0.0775,0.1,2.318376679255488
855.0,923.15,4.0,300.0,0.0325,0.1,2.317680000614323
856.0,923.15,4.0,300.0,0.0325,0.2,2.316762402904948
857.0,923.15,4.0,300.0,0.0325,0.3,2.31662418405627
858.0,923.15,4.0,300.0,0.0325,0.4,2.316589722068421
1313.0,973.15,2.0,225.0,0.055,0.4,2.316008388210507
1314.0,973.15,2.0,225.0,0.055,0.5,2.315752341091986
2043.0,1023.15,4.0,187.5,0.0775,0.4,2.3156709599832803
2042.0,1023.15,4.0,187.5,0.0775,0.3,2.315668114403767
2041.0,1023.15,4.0,187.5,0.0775,0.2,2.3156601410641846
2040.0,1023.15,4.0,187.5,0.0775,0.1,2.315627459422781
1530.0,973.15,6.0,187.5,0.0325,0.1,2.31541300049748
1782.0,973.15,10.0,187.5,0.0325,0.3,2.315356694968715
1783.0,973.15,10.0,187.5,0.0325,0.4,2.315342972757817
1784.0,973.15,10.0,187.5,0.0325,0.5,2.3153252541564457
1785.0,973.15,10.0,187.5,0.055,0.1,2.3153099873904783
2039.0,1023.15,4.0,187.5,0.055,0.5,2.315303229038637
598.0,873.15,10.0,262.5,0.1,0.4,2.31227061748532
599.0,873.15,10.0,262.5,0.1,0.5,2.311639379408958
269.0,873.15,6.0,150.0,0.0775,0.5,2.307714368742804
268.0,873.15,6.0,150.0,0.0775,0.4,2.307712930087031
267.0,873.15,6.0,150.0,0.0775,0.3,2.3077089018594097
266.0,873.15,6.0,150.0,0.0775,0.2,2.3076924024094456
265.0,873.15,6.0,150.0,0.0775,0.1,2.3075287965296565
199.0,873.15,4.0,225.0,0.1,0.5,2.306946864496044
198.0,873.15,4.0,225.0,0.1,0.4,2.306921957307113
197.0,873.15,4.0,225.0,0.1,0.3,2.3068521916668896
195.0,873.15,4.0,225.0,0.1,0.1,2.306755443494909
196.0,873.15,4.0,225.0,0.1,0.2,2.306566356473961
1932.0,1023.15,2.0,225.0,0.0325,0.3,2.3054063827770985
1565.0,973.15,6.0,225.0,0.0775,0.1,2.304798575409003
1564.0,973.15,6.0,225.0,0.055,0.5,2.304793521563429
1563.0,973.15,6.0,225.0,0.055,0.4,2.304779362791185
1562.0,973.15,6.0,225.0,0.055,0.3,2.3047213373345987
1933.0,1023.15,2.0,225.0,0.0325,0.4,2.304512798771176
1561.0,973.15,6.0,225.0,0.055,0.2,2.304145821568348
1073.0,923.15,8.0,225.0,0.1,0.4,2.2998974233628955
1458.0,973.15,4.0,262.5,0.0325,0.4,2.299824212523602
1460.0,973.15,4.0,262.5,0.055,0.1,2.299453814995892
1457.0,973.15,4.0,262.5,0.0325,0.3,2.299441992905877
1459.0,973.15,4.0,262.5,0.0325,0.5,2.2993575009440974
1074.0,923.15,8.0,225.0,0.1,0.5,2.298908492991631
1456.0,973.15,4.0,262.5,0.0325,0.2,2.2982489432965965
587.0,873.15,10.0,262.5,0.055,0.3,2.296246824878972
586.0,873.15,10.0,262.5,0.055,0.2,2.296242189173632
585.0,873.15,10.0,262.5,0.055,0.1,2.296229216606012
584.0,873.15,10.0,262.5,0.0325,0.5,2.2961761126463616
583.0,873.15,10.0,262.5,0.0325,0.4,2.295649888859029
161.0,873.15,4.0,187.5,0.055,0.2,2.295281125326574
991.0,923.15,6.0,300.0,0.0775,0.2,2.2950706466981234
160.0,873.15,4.0,187.5,0.055,0.1,2.294959906185014
989.0,923.15,6.0,300.0,0.055,0.5,2.294768842400815
990.0,923.15,6.0,300.0,0.0775,0.1,2.294704241778175
992.0,923.15,6.0,300.0,0.0775,0.3,2.2946704621346337
164.0,873.15,4.0,187.5,0.055,0.5,2.294438712056654
163.0,873.15,4.0,187.5,0.055,0.4,2.294427157249407
162.0,873.15,4.0,187.5,0.055,0.3,2.294394810477489
988.0,923.15,6.0,300.0,0.055,0.4,2.29375824814067
1549.0,973.15,6.0,187.5,0.1,0.5,2.2925345333256235
1548.0,973.15,6.0,187.5,0.1,0.4,2.292525529111898
1547.0,973.15,6.0,187.5,0.1,0.3,2.292488633417364
1546.0,973.15,6.0,187.5,0.1,0.2,2.292122695261018
1894.0,1023.15,2.0,150.0,0.0775,0.5,2.2921161555996994
1898.0,1023.15,2.0,150.0,0.1,0.4,2.292113723439107
1897.0,1023.15,2.0,150.0,0.1,0.3,2.292078562884317
1896.0,1023.15,2.0,150.0,0.1,0.2,2.29198013575222
536.0,873.15,10.0,187.5,0.055,0.2,2.291172711567382
537.0,873.15,10.0,187.5,0.055,0.3,2.291007679889125
535.0,873.15,10.0,187.5,0.055,0.1,2.2909948404865155
534.0,873.15,10.0,187.5,0.0325,0.5,2.290891355042391
533.0,873.15,10.0,187.5,0.0325,0.4,2.290119844864702
99.0,873.15,2.0,262.5,0.1,0.5,2.288282970068172
98.0,873.15,2.0,262.5,0.1,0.4,2.2882040926293
440.0,873.15,8.0,225.0,0.0775,0.1,2.28685635749362
441.0,873.15,8.0,225.0,0.0775,0.2,2.286595838670605
1422.0,973.15,4.0,187.5,0.1,0.3,2.2862727599998607
894.0,923.15,6.0,150.0,0.0775,0.5,2.286206898187764
1424.0,973.15,4.0,187.5,0.1,0.5,2.286191249269444
1423.0,973.15,4.0,187.5,0.1,0.4,2.286064531214532
895.0,923.15,6.0,150.0,0.1,0.1,2.2858276183906523
896.0,923.15,6.0,150.0,0.1,0.2,2.285758976415773
1362.0,973.15,2.0,300.0,0.055,0.3,2.285523328670587
1363.0,973.15,2.0,300.0,0.055,0.4,2.28546718130201
1836.0,973.15,10.0,262.5,0.055,0.2,2.2854466823318083
1364.0,973.15,2.0,300.0,0.055,0.5,2.285428097946381
1835.0,973.15,10.0,262.5,0.055,0.1,2.2854154943136247
1834.0,973.15,10.0,262.5,0.0325,0.5,2.285392363169078
1421.0,973.15,4.0,187.5,0.1,0.2,2.2852391530423186
289.0,873.15,6.0,187.5,0.055,0.5,2.2839062379835906
288.0,873.15,6.0,187.5,0.055,0.4,2.283904622035787
287.0,873.15,6.0,187.5,0.055,0.3,2.2839000955295417
286.0,873.15,6.0,187.5,0.055,0.2,2.283881547479747
285.0,873.15,6.0,187.5,0.055,0.1,2.2836975586871366
1062.0,923.15,8.0,225.0,0.055,0.3,2.28363025126122
1061.0,923.15,8.0,225.0,0.055,0.2,2.2836265452392874
1060.0,923.15,8.0,225.0,0.055,0.1,2.283616168360264
1059.0,923.15,8.0,225.0,0.0325,0.5,2.283573665520261
1058.0,923.15,8.0,225.0,0.0325,0.4,2.283152271550202
955.0,923.15,6.0,262.5,0.0325,0.1,2.281039373054358
957.0,923.15,6.0,262.5,0.0325,0.3,2.280741539685955
956.0,923.15,6.0,262.5,0.0325,0.2,2.2806804406004977
145.0,873.15,4.0,150.0,0.1,0.1,2.277237176503349
149.0,873.15,4.0,150.0,0.1,0.5,2.2772279135213407
148.0,873.15,4.0,150.0,0.1,0.4,2.27722082147122
147.0,873.15,4.0,150.0,0.1,0.3,2.277200975152865
146.0,873.15,4.0,150.0,0.1,0.2,2.277119733891255
499.0,873.15,8.0,300.0,0.1,0.5,2.276527038850194
622.0,873.15,10.0,300.0,0.1,0.3,2.276229937351321
621.0,873.15,10.0,300.0,0.1,0.2,2.276221358572027
620.0,873.15,10.0,300.0,0.1,0.1,2.276197332426368
619.0,873.15,10.0,300.0,0.0775,0.5,2.276098902786747
498.0,873.15,8.0,300.0,0.1,0.4,2.2759088482108685
1570.0,973.15,6.0,225.0,0.1,0.1,2.275245122546435
1569.0,973.15,6.0,225.0,0.0775,0.5,2.275241554667858
1568.0,973.15,6.0,225.0,0.0775,0.4,2.2752315574703657
1567.0,973.15,6.0,225.0,0.0775,0.3,2.2751905807461363
618.0,873.15,10.0,300.0,0.0775,0.4,2.2751230852152986
1883.0,1023.15,2.0,150.0,0.0325,0.4,2.2748789680922474
1566.0,973.15,6.0,225.0,0.0775,0.2,2.2747840934847456
1093.0,923.15,8.0,262.5,0.0775,0.4,2.2737223659171684
1097.0,923.15,8.0,262.5,0.1,0.3,2.273161658985258
1096.0,923.15,8.0,262.5,0.1,0.2,2.27315505725718
1095.0,923.15,8.0,262.5,0.1,0.1,2.273136562055721
1094.0,923.15,8.0,262.5,0.0775,0.5,2.2730607663708096
1338.0,973.15,2.0,262.5,0.055,0.4,2.270587035332835
1339.0,973.15,2.0,262.5,0.055,0.5,2.270112147600757
1809.0,973.15,10.0,225.0,0.0325,0.5,2.27002276646788
1810.0,973.15,10.0,225.0,0.055,0.1,2.270014358921653
1811.0,973.15,10.0,225.0,0.055,0.2,2.270012275882514
1808.0,973.15,10.0,225.0,0.0325,0.4,2.269979720151837
1408.0,973.15,4.0,187.5,0.0325,0.4,2.268336910661521
1407.0,973.15,4.0,187.5,0.0325,0.3,2.2680150692889645
1410.0,973.15,4.0,187.5,0.055,0.1,2.2677708340542493
1409.0,973.15,4.0,187.5,0.0325,0.5,2.267742922369116
1406.0,973.15,4.0,187.5,0.0325,0.2,2.267408467542241
309.0,873.15,6.0,225.0,0.0325,0.5,2.2667312590434974
308.0,873.15,6.0,225.0,0.0325,0.4,2.26672937565975
307.0,873.15,6.0,225.0,0.0325,0.3,2.2667240984028783
306.0,873.15,6.0,225.0,0.0325,0.2,2.266702467399249
305.0,873.15,6.0,225.0,0.0325,0.1,2.266487842591441
942.0,923.15,6.0,225.0,0.0775,0.3,2.262375748611059
941.0,923.15,6.0,225.0,0.0775,0.2,2.262337995591292
939.0,923.15,6.0,225.0,0.055,0.5,2.262289519121524
940.0,923.15,6.0,225.0,0.0775,0.1,2.2622323498923245
938.0,923.15,6.0,225.0,0.055,0.4,2.2621749607263104
1082.0,923.15,8.0,262.5,0.0325,0.3,2.258886509035145
1081.0,923.15,8.0,262.5,0.0325,0.2,2.2588822309516705
1080.0,923.15,8.0,262.5,0.0325,0.1,2.258870247439916
487.0,873.15,8.0,300.0,0.055,0.3,2.257845207166064
486.0,873.15,8.0,300.0,0.055,0.2,2.2577908064140004
184.0,873.15,4.0,225.0,0.0325,0.5,2.2577174609627275
183.0,873.15,4.0,225.0,0.0325,0.4,2.257704223117827
484.0,873.15,8.0,300.0,0.0325,0.5,2.2576779280878214
182.0,873.15,4.0,225.0,0.0325,0.3,2.2576671489387268
485.0,873.15,8.0,300.0,0.055,0.1,2.257638577079676
181.0,873.15,4.0,225.0,0.0325,0.2,2.257515269655473
483.0,873.15,8.0,300.0,0.0325,0.4,2.257321465575752
607.0,873.15,10.0,300.0,0.0325,0.3,2.257110203081275
606.0,873.15,10.0,300.0,0.0325,0.2,2.257104930679211
605.0,873.15,10.0,300.0,0.0325,0.1,2.2570901679874917
180.0,873.15,4.0,225.0,0.0325,0.1,2.25695621131386
1918.0,1023.15,2.0,187.5,0.0775,0.4,2.2550020426402013
1917.0,1023.15,2.0,187.5,0.0775,0.3,2.2549618182760467
1916.0,1023.15,2.0,187.5,0.0775,0.2,2.2548491704948748
48.0,873.15,2.0,187.5,0.1,0.4,2.254508494271551
49.0,873.15,2.0,187.5,0.1,0.5,2.254385542249812
1914.0,1023.15,2.0,187.5,0.055,0.5,2.25405063468198
421.0,873.15,8.0,187.5,0.1,0.2,2.2529890170247024
866.0,923.15,4.0,300.0,0.0775,0.2,2.2527029294515906
422.0,873.15,8.0,187.5,0.1,0.3,2.2526333459881043
423.0,873.15,8.0,187.5,0.1,0.4,2.252533218010322
867.0,923.15,4.0,300.0,0.0775,0.3,2.251590526013986
868.0,923.15,4.0,300.0,0.0775,0.4,2.251486931759893
869.0,923.15,4.0,300.0,0.0775,0.5,2.251453828740039
1799.0,973.15,10.0,187.5,0.1,0.5,2.2508953370605767
1797.0,973.15,10.0,187.5,0.1,0.3,2.250879310335528
1798.0,973.15,10.0,187.5,0.1,0.4,2.250875515163989
642.0,923.15,2.0,150.0,0.0775,0.3,2.248455371548458
1445.0,973.15,4.0,225.0,0.1,0.1,2.2478924142383603
1444.0,973.15,4.0,225.0,0.0775,0.5,2.2478410373922104
1442.0,973.15,4.0,225.0,0.0775,0.3,2.2478016641465834
1443.0,973.15,4.0,225.0,0.0775,0.4,2.247697160457462
1441.0,973.15,4.0,225.0,0.0775,0.2,2.247106912640949
974.0,923.15,6.0,262.5,0.1,0.5,2.242384104922883
973.0,923.15,6.0,262.5,0.1,0.4,2.241307916512889
1098.0,923.15,8.0,262.5,0.1,0.4,2.239691955706858
1099.0,923.15,8.0,262.5,0.1,0.5,2.2395325252805023
522.0,873.15,10.0,150.0,0.1,0.3,2.23772100121296
169.0,873.15,4.0,187.5,0.0775,0.5,2.237698684094253
168.0,873.15,4.0,187.5,0.0775,0.4,2.237690468507718
520.0,873.15,10.0,150.0,0.1,0.1,2.237683841688224
167.0,873.15,4.0,187.5,0.0775,0.3,2.23766746506592
521.0,873.15,10.0,150.0,0.1,0.2,2.237620597576004
166.0,873.15,4.0,187.5,0.0775,0.2,2.237573247832461
519.0,873.15,10.0,150.0,0.0775,0.5,2.237548657015506
165.0,873.15,4.0,187.5,0.0775,0.1,2.237504602129466
518.0,873.15,10.0,150.0,0.0775,0.4,2.2369695509191647
1899.0,1023.15,2.0,150.0,0.1,0.5,2.233454261817301
434.0,873.15,8.0,225.0,0.0325,0.5,2.232097005424196
435.0,873.15,8.0,225.0,0.055,0.1,2.231479813381717
436.0,873.15,8.0,225.0,0.055,0.2,2.231334240346448
886.0,923.15,6.0,150.0,0.055,0.2,2.230845580079976
887.0,923.15,6.0,150.0,0.055,0.3,2.2306990744803925
888.0,923.15,6.0,150.0,0.055,0.4,2.230671502463198
623.0,873.15,10.0,300.0,0.1,0.4,2.230657832712942
1824.0,973.15,10.0,225.0,0.1,0.5,2.2304887917079683
1823.0,973.15,10.0,225.0,0.1,0.4,2.2304138809834533
624.0,873.15,10.0,300.0,0.1,0.5,2.2303247627989857
1430.0,973.15,4.0,225.0,0.0325,0.1,2.227388317125276
1938.0,1023.15,2.0,225.0,0.055,0.4,2.22679383810793
1937.0,1023.15,2.0,225.0,0.055,0.3,2.2267486201419127
1934.0,1023.15,2.0,225.0,0.0325,0.5,2.2256416993425594
962.0,923.15,6.0,262.5,0.055,0.3,2.2209896186527462
961.0,923.15,6.0,262.5,0.055,0.2,2.2209460265470296
960.0,923.15,6.0,262.5,0.055,0.1,2.22082397695199
959.0,923.15,6.0,262.5,0.0325,0.5,2.220797800145319
958.0,923.15,6.0,262.5,0.0325,0.4,2.2202548959000143
1463.0,973.15,4.0,262.5,0.055,0.4,2.21967468366243
1462.0,973.15,4.0,262.5,0.055,0.3,2.219660806987769
1465.0,973.15,4.0,262.5,0.0775,0.1,2.2192351828303245
1464.0,973.15,4.0,262.5,0.055,0.5,2.219177546762673
1461.0,973.15,4.0,262.5,0.055,0.2,2.218403009246288
505.0,873.15,10.0,150.0,0.0325,0.1,2.215976986306347
507.0,873.15,10.0,150.0,0.0325,0.3,2.215889616123368
506.0,873.15,10.0,150.0,0.0325,0.2,2.215826879909932
995.0,923.15,6.0,300.0,0.1,0.1,2.213497606380323
997.0,923.15,6.0,300.0,0.1,0.3,2.2133098490003174
996.0,923.15,6.0,300.0,0.1,0.2,2.213231882587429
994.0,923.15,6.0,300.0,0.0775,0.5,2.213077016649553
993.0,923.15,6.0,300.0,0.0775,0.4,2.2122240948249017
647.0,923.15,2.0,150.0,0.1,0.3,2.2108673530920298
644.0,923.15,2.0,150.0,0.0775,0.5,2.2107624036784688
643.0,923.15,2.0,150.0,0.0775,0.4,2.2099805593727075
189.0,873.15,4.0,225.0,0.055,0.5,2.2089908893585
430.0,873.15,8.0,225.0,0.0325,0.1,2.2089886543853443
188.0,873.15,4.0,225.0,0.055,0.4,2.208981587573213
187.0,873.15,4.0,225.0,0.055,0.3,2.2089555323698384
431.0,873.15,8.0,225.0,0.0325,0.2,2.208892340049049
186.0,873.15,4.0,225.0,0.055,0.2,2.2088487753717088
185.0,873.15,4.0,225.0,0.055,0.1,2.208583162761152
542.0,873.15,10.0,187.5,0.0775,0.3,2.2084872174737087
540.0,873.15,10.0,187.5,0.0775,0.1,2.2083881032323918
539.0,873.15,10.0,187.5,0.055,0.5,2.208386252724466
541.0,873.15,10.0,187.5,0.0775,0.2,2.2083745997652757
880.0,923.15,6.0,150.0,0.0325,0.1,2.20817254719946
1342.0,973.15,2.0,262.5,0.0775,0.3,2.2081653333342706
1815.0,973.15,10.0,225.0,0.0775,0.1,2.208055429745571
1814.0,973.15,10.0,225.0,0.055,0.5,2.208014047771412
1813.0,973.15,10.0,225.0,0.055,0.4,2.2079855851912544
1344.0,973.15,2.0,262.5,0.0775,0.5,2.20797014454633
1343.0,973.15,2.0,262.5,0.0775,0.4,2.207957626840081
1812.0,973.15,10.0,225.0,0.055,0.3,2.207913998709292
538.0,873.15,10.0,187.5,0.055,0.4,2.207609167059929
1923.0,1023.15,2.0,187.5,0.1,0.4,2.206045313132665
1922.0,1023.15,2.0,187.5,0.1,0.3,2.2060165051863008
1921.0,1023.15,2.0,187.5,0.1,0.2,2.205935815377692
1919.0,1023.15,2.0,187.5,0.0775,0.5,2.2051833812005714
442.0,873.15,8.0,225.0,0.0775,0.3,2.202344021601241
443.0,873.15,8.0,225.0,0.0775,0.4,2.2015148241330977
444.0,873.15,8.0,225.0,0.0775,0.5,2.201361431501803
897.0,923.15,6.0,150.0,0.1,0.3,2.201030615401456
1839.0,973.15,10.0,262.5,0.055,0.5,2.2009326951091577
1838.0,973.15,10.0,262.5,0.055,0.4,2.200897741549735
898.0,923.15,6.0,150.0,0.1,0.4,2.2008888631492898
899.0,923.15,6.0,150.0,0.1,0.5,2.200854349760674
1837.0,973.15,10.0,262.5,0.055,0.3,2.200850961892097
1367.0,973.15,2.0,300.0,0.0775,0.3,2.2007781489330367
1447.0,973.15,4.0,225.0,0.1,0.3,2.1981026289079666
1449.0,973.15,4.0,225.0,0.1,0.5,2.1980273421103025
1448.0,973.15,4.0,225.0,0.1,0.4,2.197924330515096
1446.0,973.15,4.0,225.0,0.1,0.2,2.1972665519282955
982.0,923.15,6.0,300.0,0.0325,0.3,2.1914612787599737
981.0,923.15,6.0,300.0,0.0325,0.2,2.1914116521224325
980.0,923.15,6.0,300.0,0.0325,0.1,2.191272658122059
206.0,873.15,4.0,262.5,0.0325,0.2,2.1883500794889312
205.0,873.15,4.0,262.5,0.0325,0.1,2.1878614723325667
209.0,873.15,4.0,262.5,0.0325,0.5,2.1877778763295948
208.0,873.15,4.0,262.5,0.0325,0.4,2.1877674329228034
207.0,873.15,4.0,262.5,0.0325,0.3,2.1877381712764694
524.0,873.15,10.0,150.0,0.1,0.5,2.1859719218318414
523.0,873.15,10.0,150.0,0.1,0.4,2.1850953871028387
1943.0,1023.15,2.0,225.0,0.0775,0.4,2.184298055464769
1942.0,1023.15,2.0,225.0,0.0775,0.3,2.184265849978
1941.0,1023.15,2.0,225.0,0.0775,0.2,2.1841756197217883
1939.0,1023.15,2.0,225.0,0.055,0.5,2.183352388104613
437.0,873.15,8.0,225.0,0.055,0.3,2.1783333416315287
438.0,873.15,8.0,225.0,0.055,0.4,2.1779170615006342
439.0,873.15,8.0,225.0,0.055,0.5,2.1778254782542845
1830.0,973.15,10.0,262.5,0.0325,0.1,2.1774365819593187
889.0,923.15,6.0,150.0,0.055,0.5,2.1774336576776205
890.0,923.15,6.0,150.0,0.0775,0.1,2.177347017405673
891.0,923.15,6.0,150.0,0.0775,0.2,2.177334652758064
1358.0,973.15,2.0,300.0,0.0325,0.4,2.1772404078344376
1470.0,973.15,4.0,262.5,0.1,0.1,2.176161802418461
1469.0,973.15,4.0,262.5,0.0775,0.5,2.176120540778592
1467.0,973.15,4.0,262.5,0.0775,0.3,2.176087306103236
1468.0,973.15,4.0,262.5,0.0775,0.4,2.17600494176004
1466.0,973.15,4.0,262.5,0.0775,0.2,2.1749456841560946
999.0,923.15,6.0,300.0,0.1,0.5,2.169117544671827
998.0,923.15,6.0,300.0,0.1,0.4,2.1683649025813803
546.0,873.15,10.0,187.5,0.1,0.2,2.1636672195737225
547.0,873.15,10.0,187.5,0.1,0.3,2.1634517234170643
545.0,873.15,10.0,187.5,0.1,0.1,2.163441968612198
544.0,873.15,10.0,187.5,0.0775,0.5,2.163390086157321
543.0,873.15,10.0,187.5,0.0775,0.4,2.162569743689115
445.0,873.15,8.0,225.0,0.1,0.1,2.155185539263328
446.0,873.15,8.0,225.0,0.1,0.2,2.1546697228046083
447.0,873.15,8.0,225.0,0.1,0.3,2.1545676332935155
1843.0,973.15,10.0,262.5,0.0775,0.4,2.154525421781997
1842.0,973.15,10.0,262.5,0.0775,0.3,2.154525041599893
1841.0,973.15,10.0,262.5,0.0775,0.2,2.1544067009864523
1369.0,973.15,2.0,300.0,0.0775,0.5,2.154260644560866
1368.0,973.15,2.0,300.0,0.0775,0.4,2.154192512765647
1840.0,973.15,10.0,262.5,0.0775,0.1,2.15413246226723
